date,price
2004-08-19,100.00999999999999
2004-08-20,104.78999999999999
2004-08-23,111.265
2004-08-24,107.585
2004-08-25,105.94
2004-08-26,106.305
2004-08-27,107.155
2004-08-30,103.75
2004-08-31,102.935
2004-09-01,101.32
2004-09-02,100.655
2004-09-03,100.53
2004-09-07,100.805
2004-09-08,101.765
2004-09-09,101.85499999999999
2004-09-10,103.93
2004-09-13,107.435
2004-09-14,109.39500000000001
2004-09-15,112.215
2004-09-16,113.725
2004-09-17,115.52
2004-09-20,119.185
2004-09-21,118.965
2004-09-22,118.24000000000001
2004-09-23,119.82499999999999
2004-09-24,121.93
2004-09-27,119.34
2004-09-28,123.805
2004-09-29,130.625
2004-09-30,130.65
2004-10-01,131.57
2004-10-04,135.45
2004-10-05,135.385
2004-10-06,137.225
2004-10-07,138.215
2004-10-08,138.35000000000002
2004-10-11,136.35500000000002
2004-10-12,135.505
2004-10-13,141.815
2004-10-14,140.47
2004-10-15,143.725
2004-10-18,145.20499999999998
2004-10-19,149.875
2004-10-20,144.29500000000002
2004-10-21,145.875
2004-10-22,172.125
2004-10-25,183.49
2004-10-26,186.32
2004-10-27,185.645
2004-10-28,189.995
2004-10-29,195.27499999999998
2004-11-01,194.47
2004-11-02,196.29500000000002
2004-11-03,196.175
2004-11-04,186.875
2004-11-05,175.425
2004-11-08,172.42000000000002
2004-11-09,170.235
2004-11-10,169.425
2004-11-11,175.66
2004-11-12,183.60000000000002
2004-11-15,183.535
2004-11-16,175.15
2004-11-17,173.25
2004-11-18,170.075
2004-11-19,168.25
2004-11-22,165.405
2004-11-23,168.66500000000002
2004-11-24,174.86
2004-11-26,177.675
2004-11-29,180.23
2004-11-30,181.625
2004-12-01,181.025
2004-12-02,180.03
2004-12-03,179.32999999999998
2004-12-06,178.36
2004-12-07,173.375
2004-12-08,171.20499999999998
2004-12-09,170.985
2004-12-10,173.08499999999998
2004-12-13,171.315
2004-12-14,174.20999999999998
2004-12-15,178.675
2004-12-16,178.22
2004-12-17,178.525
2004-12-20,185.16500000000002
2004-12-21,185.64
2004-12-22,184.93
2004-12-23,187.3
2004-12-27,191.2
2004-12-28,192.28
2004-12-29,192.65
2004-12-30,195.04
2004-12-31,196.22
2005-01-03,199.55
2005-01-04,198.20499999999998
2005-01-05,194.565
2005-01-06,191.81
2005-01-07,191.515
2005-01-10,194.965
2005-01-11,195.445
2005-01-12,193.215
2005-01-13,195.72
2005-01-14,197.07
2005-01-18,201.84
2005-01-19,201.005
2005-01-20,194.125
2005-01-21,191.74
2005-01-24,184.825
2005-01-25,179.265
2005-01-26,184.28
2005-01-27,187.03
2005-01-28,190.51999999999998
2005-01-31,194.04000000000002
2005-02-01,197.19
2005-02-02,210.23000000000002
2005-02-03,209.59
2005-02-04,205.175
2005-02-07,200.95499999999998
2005-02-08,197.275
2005-02-09,195.53
2005-02-10,188.73000000000002
2005-02-11,189.195
2005-02-14,187.04000000000002
2005-02-15,196.46
2005-02-16,196.815
2005-02-17,198.28
2005-02-18,197.75
2005-02-22,194.64499999999998
2005-02-23,191.57
2005-02-24,186.04
2005-02-25,187.71499999999997
2005-02-28,187.86
2005-03-01,187.57
2005-03-02,186.015
2005-03-03,186.03
2005-03-04,186.16
2005-03-07,188.315
2005-03-08,187.41
2005-03-09,182.405
2005-03-10,179.3
2005-03-11,179.05
2005-03-14,175.485
2005-03-15,177.10500000000002
2005-03-16,176.81
2005-03-17,177.72
2005-03-18,179.35500000000002
2005-03-21,179.70999999999998
2005-03-22,179.89499999999998
2005-03-23,179.10500000000002
2005-03-24,180.03
2005-03-28,182.875
2005-03-29,180.675
2005-03-30,180.52499999999998
2005-03-31,179.515
2005-04-01,181.47
2005-04-04,182.57999999999998
2005-04-05,188.915
2005-04-06,188.615
2005-04-07,191.63
2005-04-08,193.27499999999998
2005-04-11,193.56
2005-04-12,191.915
2005-04-13,192.02499999999998
2005-04-14,192.23000000000002
2005-04-15,187.5
2005-04-18,185.685
2005-04-19,190.015
2005-04-20,198.20499999999998
2005-04-21,202.16
2005-04-22,219.13
2005-04-25,221.13
2005-04-26,220.14499999999998
2005-04-27,218.79500000000002
2005-04-28,219.895
2005-04-29,220.035
2005-05-02,221.95499999999998
2005-05-03,224.735
2005-05-04,228.4395
2005-05-05,227.25
2005-05-06,227.86
2005-05-09,226.965
2005-05-10,226.26
2005-05-11,229.95499999999998
2005-05-12,230.21499999999997
2005-05-13,229.20499999999998
2005-05-16,230.095
2005-05-17,231.825
2005-05-18,236.745
2005-05-19,239.72
2005-05-20,240.66
2005-05-23,250.40500000000003
2005-05-24,259.47
2005-05-25,255.805
2005-05-26,261.03
2005-05-27,262.65
2005-05-31,273.885
2005-06-01,287.455
2005-06-02,287.19
2005-06-03,283.355
2005-06-06,287.78999999999996
2005-06-07,294.945
2005-06-08,285.595
2005-06-09,284.53
2005-06-10,283.65
2005-06-13,280.355
2005-06-14,279.495
2005-06-15,272.365
2005-06-16,275.685
2005-06-17,278.1
2005-06-20,279.701
2005-06-21,287.635
2005-06-22,290.495
2005-06-23,290.655
2005-06-24,293.78999999999996
2005-06-27,299.165
2005-06-28,305.625
2005-06-29,298.265
2005-06-30,294.985
2005-07-01,292.73
2005-07-05,293.105
2005-07-06,294.49
2005-07-07,292.155
2005-07-08,295.775
2005-07-11,293.81
2005-07-12,292.66499999999996
2005-07-13,295.67
2005-07-14,303.40999999999997
2005-07-15,301.59
2005-07-18,299.825
2005-07-19,306.07500000000005
2005-07-20,307.20439999999996
2005-07-21,314.505
2005-07-22,302.78999999999996
2005-07-25,299.125
2005-07-26,295.04499999999996
2005-07-27,295.315
2005-07-28,295.345
2005-07-29,289.91499999999996
2005-08-01,290.3
2005-08-02,295.32
2005-08-03,297.66
2005-08-04,297.125
2005-08-05,294.90999999999997
2005-08-08,293.07
2005-08-09,290.595
2005-08-10,288.605
2005-08-11,283.6
2005-08-12,285.91999999999996
2005-08-15,288.27
2005-08-16,285.565
2005-08-17,285.28499999999997
2005-08-18,277.75
2005-08-19,280.53499999999997
2005-08-22,277.41
2005-08-23,276.93
2005-08-24,280.6
2005-08-25,281.985
2005-08-26,283.84000000000003
2005-08-29,285.68
2005-08-30,287.695
2005-08-31,286.43
2005-09-01,286.25
2005-09-02,288.21500000000003
2005-09-06,288.095
2005-09-07,290.39
2005-09-08,296.32
2005-09-09,297.83000000000004
2005-09-12,306.21000000000004
2005-09-13,310.85
2005-09-14,306.78999999999996
2005-09-15,302.33000000000004
2005-09-16,302.185
2005-09-19,303.355
2005-09-20,308.265
2005-09-21,309.86
2005-09-22,314.69500000000005
2005-09-23,314.9
2005-09-26,316.755
2005-09-27,315.895
2005-09-28,310.35
2005-09-29,308.4
2005-09-30,314.895
2005-10-03,316.45000000000005
2005-10-04,316.01
2005-10-05,311.45
2005-10-06,312.28499999999997
2005-10-07,313.605
2005-10-10,311.985
2005-10-11,308.755
2005-10-12,303.095
2005-10-13,296.3425
2005-10-14,296.385
2005-10-17,299.88
2005-10-18,305.35
2005-10-19,306.91499999999996
2005-10-20,306.16999999999996
2005-10-21,339.71500000000003
2005-10-24,345.745
2005-10-25,345.13
2005-10-26,351.095
2005-10-27,354.385
2005-10-28,356.985
2005-10-31,367.13
2005-11-01,376.455
2005-11-02,381.08500000000004
2005-11-03,383.98
2005-11-04,388.62
2005-11-07,394.81
2005-11-08,392.085
2005-11-09,383.15999999999997
2005-11-10,384.39
2005-11-11,392.875
2005-11-14,394.875
2005-11-15,393.975
2005-11-16,396.48
2005-11-17,401.66999999999996
2005-11-18,402.175
2005-11-21,401.735
2005-11-22,411.77
2005-11-23,420.25
2005-11-25,427.025
2005-11-28,426.84000000000003
2005-11-29,414.27
2005-11-30,402.005
2005-12-01,411.865
2005-12-02,416.695
2005-12-05,410.89
2005-12-06,409.055
2005-12-07,402.855
2005-12-08,406.645
2005-12-09,412.16999999999996
2005-12-12,412.58
2005-12-13,414.82
2005-12-14,417.61
2005-12-15,419.82
2005-12-16,427.625
2005-12-19,433.15999999999997
2005-12-20,428.435
2005-12-21,428.78499999999997
2005-12-22,429.395
2005-12-23,430.64
2005-12-27,427.31
2005-12-28,424.52
2005-12-29,423.95000000000005
2005-12-30,415.975
2006-01-03,426.94500000000005
2006-01-04,444.355
2006-01-05,446.525
2006-01-06,461.87
2006-01-09,467.16999999999996
2006-01-10,466.145
2006-01-11,472.145
2006-01-12,468.245
2006-01-13,464.25
2006-01-17,466.215
2006-01-18,450.305
2006-01-19,443.245
2006-01-20,417.385
2006-01-23,417.06
2006-01-24,439.71500000000003
2006-01-25,441.725
2006-01-26,431.775
2006-01-27,433.6
2006-01-30,429.14
2006-01-31,431.78650000000005
2006-02-01,394.76
2006-02-02,401.24
2006-02-03,383.235
2006-02-06,384.73
2006-02-07,373.52250000000004
2006-02-08,362.68
2006-02-09,365.255
2006-02-10,358.82
2006-02-13,346.245
2006-02-14,347.04499999999996
2006-02-15,341.91499999999996
2006-02-16,355.745
2006-02-17,367.88
2006-02-21,369.32500000000005
2006-02-22,366.405
2006-02-23,373.315
2006-02-24,376.78
2006-02-27,385.99
2006-02-28,368.025
2006-03-01,365.375
2006-03-02,371.65
2006-03-03,381.5
2006-03-06,375.27
2006-03-07,363.29999999999995
2006-03-08,355.28554999999994
2006-03-09,350.015
2006-03-10,338.025
2006-03-13,340.775
2006-03-14,342.495
2006-03-15,346.41499999999996
2006-03-16,343.325
2006-03-17,338.355
2006-03-20,345.815
2006-03-21,345.37
2006-03-22,340.8
2006-03-23,342.975
2006-03-24,366.29999999999995
2006-03-27,368.355
2006-03-28,374.515
2006-03-29,389.255
2006-03-30,388.555
2006-03-31,387.95
2006-04-03,390.20000000000005
2006-04-04,396.52
2006-04-05,408.695
2006-04-06,409.65999999999997
2006-04-07,408.435
2006-04-10,411.21000000000004
2006-04-11,412.66
2006-04-12,408.26
2006-04-13,405.13
2006-04-17,406.66999999999996
2006-04-18,405.66499999999996
2006-04-19,410.185
2006-04-20,422.595
2006-04-21,443.44500000000005
2006-04-24,440.61
2006-04-25,433.52
2006-04-26,426.78499999999997
2006-04-27,423.15
2006-04-28,421.015
2006-05-01,408.995
2006-05-02,395.445
2006-05-03,396.19
2006-05-04,395.53999999999996
2006-05-05,396.23
2006-05-08,393.58500000000004
2006-05-09,401.375
2006-05-10,406.78499999999997
2006-05-11,394.845
2006-05-12,379.21000000000004
2006-05-15,374.2
2006-05-16,373.375
2006-05-17,375.03
2006-05-18,376.26
2006-05-19,367.53499999999997
2006-05-22,369.14
2006-05-23,378.72
2006-05-24,377.525
2006-05-25,377.655
2006-05-26,382.955
2006-05-30,376.225
2006-05-31,372.515
2006-06-01,377.295
2006-06-02,382.265
2006-06-05,377.79999999999995
2006-06-06,383.15
2006-06-07,390.68
2006-06-08,386.42999999999995
2006-06-09,391.34000000000003
2006-06-12,385.745
2006-06-13,382.56
2006-06-14,384.81
2006-06-15,387.625
2006-06-16,389.46500000000003
2006-06-19,390.89
2006-06-20,389.19
2006-06-21,396.875
2006-06-22,397.0
2006-06-23,405.245
2006-06-26,405.775
2006-06-27,404.505
2006-06-28,403.805
2006-06-29,412.01
2006-06-30,415.83
2006-07-03,421.61
2006-07-05,419.22
2006-07-06,423.68
2006-07-07,421.885
2006-07-10,420.805
2006-07-11,419.03999999999996
2006-07-12,419.735
2006-07-13,412.585
2006-07-14,405.05
2006-07-17,407.36
2006-07-18,404.155
2006-07-19,397.9
2006-07-20,395.05
2006-07-21,384.72
2006-07-24,387.54999999999995
2006-07-25,387.555
2006-07-26,387.45500000000004
2006-07-27,382.72
2006-07-28,385.645
2006-07-31,386.24
2006-08-01,380.64
2006-08-02,371.185
2006-08-03,370.635
2006-08-04,376.21500000000003
2006-08-07,375.44
2006-08-08,381.79499999999996
2006-08-09,380.52
2006-08-10,375.065
2006-08-11,371.64
2006-08-14,371.9
2006-08-15,377.13495
2006-08-16,385.28499999999997
2006-08-17,386.96000000000004
2006-08-18,383.91999999999996
2006-08-21,377.11
2006-08-22,377.04999999999995
2006-08-23,375.46500000000003
2006-08-24,374.33
2006-08-25,373.90999999999997
2006-08-28,377.975
2006-08-29,379.76
2006-08-30,381.58
2006-08-31,380.17499999999995
2006-09-01,379.235
2006-09-05,381.41999999999996
2006-09-06,381.425
2006-09-07,379.575
2006-09-08,378.755
2006-09-11,381.23
2006-09-12,388.805
2006-09-13,400.93
2006-09-14,404.105
2006-09-15,408.395
2006-09-18,414.08000000000004
2006-09-19,404.115
2006-09-20,401.005
2006-09-21,404.155
2006-09-22,404.405
2006-09-25,405.975
2006-09-26,404.725
2006-09-27,406.795
2006-09-28,403.76
2006-09-29,403.515
2006-10-02,403.4
2006-10-03,402.325
2006-10-04,409.40999999999997
2006-10-05,414.55
2006-10-06,415.83005
2006-10-09,427.685
2006-10-10,430.12
2006-10-11,426.83500000000004
2006-10-12,426.84000000000003
2006-10-13,427.53
2006-10-16,425.27
2006-10-17,420.226
2006-10-18,421.125
2006-10-19,437.24
2006-10-20,456.845
2006-10-23,472.505
2006-10-24,474.635
2006-10-25,481.805
2006-10-26,488.08
2006-10-27,478.865
2006-10-30,475.235
2006-10-31,478.0
2006-11-01,472.195
2006-11-02,470.055
2006-11-03,469.40575
2006-11-06,475.995
2006-11-07,475.395
2006-11-08,475.17
2006-11-09,475.675
2006-11-10,472.505
2006-11-13,477.655
2006-11-14,485.225
2006-11-15,495.89
2006-11-16,495.12
2006-11-17,496.33000000000004
2006-11-20,495.525
2006-11-21,502.91499999999996
2006-11-22,509.39
2006-11-24,505.75
2006-11-27,493.265
2006-11-28,483.445
2006-11-29,488.495
2006-11-30,485.975
2006-12-01,483.445
2006-12-04,483.39
2006-12-05,487.16499999999996
2006-12-06,488.46
2006-12-07,487.11
2006-12-08,484.3
2006-12-11,486.35
2006-12-12,483.32
2006-12-13,481.26
2006-12-14,480.505
2006-12-15,481.975
2006-12-18,471.73
2006-12-19,463.905
2006-12-20,466.91499999999996
2006-12-21,458.79525
2006-12-22,455.685
2006-12-26,457.03
2006-12-27,463.59000000000003
2006-12-28,465.41499999999996
2006-12-29,462.165
2007-01-03,468.885
2007-01-04,476.15
2007-01-05,482.805
2007-01-08,486.03499999999997
2007-01-09,484.725
2007-01-10,487.795
2007-01-11,498.96500000000003
2007-01-12,502.5
2007-01-16,508.15
2007-01-17,501.075
2007-01-18,491.95500000000004
2007-01-19,488.75
2007-01-22,485.575
2007-01-23,481.02
2007-01-24,491.415
2007-01-25,495.08000000000004
2007-01-26,492.465
2007-01-29,494.625
2007-01-30,494.61
2007-01-31,500.255
2007-02-01,493.77
2007-02-02,481.405
2007-02-05,472.095
2007-02-06,470.28
2007-02-07,471.565
2007-02-08,469.45
2007-02-09,467.09000000000003
2007-02-12,458.705
2007-02-13,460.02
2007-02-14,464.175
2007-02-15,463.425
2007-02-16,466.105
2007-02-20,468.73
2007-02-21,473.21000000000004
2007-02-22,479.315
2007-02-23,472.375
2007-02-26,469.5
2007-02-27,453.485
2007-02-28,448.355
2007-03-01,446.21000000000004
2007-03-02,443.69
2007-03-05,441.25
2007-03-06,453.19
2007-03-07,458.71500000000003
2007-03-08,459.8
2007-03-09,454.25
2007-03-12,453.18
2007-03-13,447.38
2007-03-14,443.83000000000004
2007-03-15,446.881
2007-03-16,443.29499999999996
2007-03-19,444.565
2007-03-20,445.6
2007-03-21,450.8925
2007-03-22,457.35
2007-03-23,460.235
2007-03-26,460.31
2007-03-27,462.78499999999997
2007-03-28,462.79499999999996
2007-03-29,460.5
2007-03-30,459.77
2007-04-02,455.325
2007-04-03,469.125
2007-04-04,471.28999999999996
2007-04-05,470.855
2007-04-09,469.29499999999996
2007-04-10,467.975
2007-04-11,466.005
2007-04-12,465.12
2007-04-13,466.065
2007-04-16,472.57
2007-04-17,473.995
2007-04-18,474.715
2007-04-19,475.77
2007-04-20,487.26
2007-04-23,481.63
2007-04-24,477.765
2007-04-25,478.74
2007-04-26,480.78
2007-04-27,480.365
2007-04-30,476.365
2007-05-01,468.49
2007-05-02,468.405
2007-05-03,469.68
2007-05-04,470.36
2007-05-07,469.645
2007-05-08,466.45000000000005
2007-05-09,467.805
2007-05-10,465.255
2007-05-11,464.0
2007-05-14,463.755
2007-05-15,459.975
2007-05-16,466.08
2007-05-17,473.015
2007-05-18,471.225
2007-05-21,472.96000000000004
2007-05-22,476.005
2007-05-23,478.58015
2007-05-24,475.35
2007-05-25,481.11
2007-05-29,487.9
2007-05-30,490.91999999999996
2007-05-31,502.91999999999996
2007-06-01,501.475
2007-06-04,504.04999999999995
2007-06-05,512.8050000000001
2007-06-06,518.02
2007-06-07,519.505
2007-06-08,514.55
2007-06-11,514.125
2007-06-12,507.42
2007-06-13,503.615
2007-06-14,503.78999999999996
2007-06-15,505.115
2007-06-18,510.12
2007-06-19,514.395
2007-06-20,513.905
2007-06-21,510.78499999999997
2007-06-22,520.5450000000001
2007-06-25,529.185
2007-06-26,529.72
2007-06-27,523.775
2007-06-28,526.65
2007-06-29,523.4300000000001
2007-07-02,528.0250000000001
2007-07-03,530.95
2007-07-05,538.275
2007-07-06,541.3
2007-07-09,544.5
2007-07-10,544.325
2007-07-11,543.255
2007-07-12,543.77
2007-07-13,549.96
2007-07-16,553.9449999999999
2007-07-17,555.0550000000001
2007-07-18,549.155
2007-07-19,547.88
2007-07-20,516.3399999999999
2007-07-23,516.075
2007-07-24,512.9000000000001
2007-07-25,511.28999999999996
2007-07-26,505.735
2007-07-27,511.06
2007-07-30,514.9200000000001
2007-07-31,515.22
2007-08-01,512.325
2007-08-02,511.995
2007-08-03,508.1
2007-08-06,506.325
2007-08-07,514.46
2007-08-08,521.435
2007-08-09,520.725
2007-08-10,512.175
2007-08-13,516.39
2007-08-14,512.7
2007-08-15,504.2
2007-08-16,488.445
2007-08-17,496.325
2007-08-20,499.28
2007-08-21,502.96500000000003
2007-08-22,512.75
2007-08-23,511.565
2007-08-24,512.025
2007-08-27,514.425
2007-08-28,510.385
2007-08-29,510.265
2007-08-30,512.989
2007-08-31,513.985
2007-09-04,521.31
2007-09-05,525.865
2007-09-06,524.0350000000001
2007-09-07,519.02
2007-09-10,516.475
2007-09-11,518.69
2007-09-12,523.49
2007-09-13,525.215
2007-09-14,526.245
2007-09-17,526.675
2007-09-18,530.76
2007-09-19,544.15495
2007-09-20,551.41505
2007-09-21,556.81
2007-09-24,565.73
2007-09-25,566.21
2007-09-26,567.79995
2007-09-27,568.76
2007-09-28,566.835
2007-10-01,576.98
2007-10-02,588.41
2007-10-03,584.675
2007-10-04,581.075
2007-10-05,591.505
2007-10-08,602.105
2007-10-09,616.085
2007-10-10,621.24
2007-10-11,625.2049999999999
2007-10-12,628.3199999999999
2007-10-15,627.7049999999999
2007-10-16,618.9549999999999
2007-10-17,627.7950000000001
2007-10-18,634.935
2007-10-19,650.86
2007-10-22,645.64
2007-10-23,668.8
2007-10-24,668.515
2007-10-25,671.26
2007-10-26,672.3
2007-10-29,676.0450000000001
2007-10-30,688.71
2007-10-31,701.52
2007-11-01,707.75
2007-11-02,705.46
2007-11-05,718.1500000000001
2007-11-06,733.395
2007-11-07,735.19
2007-11-08,706.035
2007-11-09,671.5450000000001
2007-11-12,648.0699999999999
2007-11-13,646.495
2007-11-14,655.88
2007-11-15,635.75
2007-11-16,625.755
2007-11-19,627.635
2007-11-20,645.985
2007-11-21,656.02505
2007-11-23,673.1949999999999
2007-11-26,679.2
2007-11-27,663.345
2007-11-28,683.22
2007-11-29,695.28
2007-11-30,696.585
2007-12-03,688.0699999999999
2007-12-04,684.56005
2007-12-05,693.2149999999999
2007-12-06,706.785
2007-12-07,714.25
2007-12-10,719.4
2007-12-11,709.885
2007-12-12,701.4100000000001
2007-12-13,689.415
2007-12-14,693.48
2007-12-17,679.545
2007-12-18,664.605
2007-12-19,674.25
2007-12-20,685.8050000000001
2007-12-21,696.25
2007-12-24,696.895
2007-12-26,705.715
2007-12-27,708.36915
2007-12-28,702.245
2007-12-31,696.5350000000001
2008-01-02,687.55005
2008-01-03,681.685
2008-01-04,667.98
2008-01-07,649.815
2008-01-08,645.48
2008-01-09,637.925
2008-01-10,648.655
2008-01-11,639.79
2008-01-14,651.325
2008-01-15,642.2149999999999
2008-01-16,620.96
2008-01-17,611.875
2008-01-18,604.22
2008-01-22,579.35
2008-01-23,543.5
2008-01-24,566.915
2008-01-25,580.5899999999999
2008-01-28,560.4195
2008-01-29,551.0
2008-01-30,551.97
2008-01-31,553.6450500000001
2008-02-01,523.335
2008-02-04,502.66499999999996
2008-02-05,498.76
2008-02-06,504.55
2008-02-07,504.475
2008-02-08,513.215
2008-02-11,518.5550000000001
2008-02-12,521.815
2008-02-13,526.84
2008-02-14,536.02
2008-02-15,528.495
2008-02-19,520.78
2008-02-20,504.91499999999996
2008-02-21,506.355
2008-02-22,503.27504999999996
2008-02-25,496.12
2008-02-26,456.66
2008-02-27,467.565
2008-02-28,473.225
2008-02-29,472.195
2008-03-03,461.415
2008-03-04,444.57
2008-03-05,449.08500000000004
2008-03-06,442.24
2008-03-07,433.12
2008-03-10,422.02
2008-03-11,432.4
2008-03-12,442.975
2008-03-13,437.88
2008-03-14,439.98
2008-03-17,422.90999999999997
2008-03-18,433.18505
2008-03-19,439.58500000000004
2008-03-20,426.6
2008-03-24,451.75
2008-03-25,451.735
2008-03-26,456.08000000000004
2008-03-27,444.55
2008-03-28,443.9395
2008-03-31,437.35
2008-04-01,456.685
2008-04-02,468.065
2008-04-03,455.71000000000004
2008-04-04,467.015
2008-04-07,479.485
2008-04-08,468.075
2008-04-09,464.77
2008-04-10,467.85699999999997
2008-04-11,461.135
2008-04-14,453.79999999999995
2008-04-15,451.72
2008-04-16,449.64
2008-04-17,452.945
2008-04-18,536.235
2008-04-21,536.44
2008-04-22,549.19495
2008-04-23,550.13
2008-04-24,547.255
2008-04-25,547.865
2008-04-28,547.905
2008-04-29,556.7049999999999
2008-04-30,571.665
2008-05-01,585.951
2008-05-02,590.875
2008-05-05,593.065
2008-05-06,587.5
2008-05-07,587.96
2008-05-08,584.105
2008-05-09,578.15
2008-05-12,577.8299999999999
2008-05-13,583.25
2008-05-14,583.22
2008-05-15,579.28
2008-05-16,581.5
2008-05-19,581.2
2008-05-20,577.6949999999999
2008-05-21,564.65
2008-05-22,547.23
2008-05-23,545.405
2008-05-27,553.225
2008-05-28,566.2950000000001
2008-05-29,579.54
2008-05-30,585.6099999999999
2008-06-02,577.58005
2008-06-03,570.55495
2008-06-04,571.275
2008-06-05,582.125
2008-06-06,573.86
2008-06-09,557.7
2008-06-10,552.8
2008-06-11,550.9000000000001
2008-06-12,552.44
2008-06-13,568.518
2008-06-16,572.8
2008-06-17,573.225
2008-06-18,564.075
2008-06-19,557.295
2008-06-20,550.745
2008-06-23,547.585
2008-06-24,543.145
2008-06-25,550.73495
2008-06-26,536.595
2008-06-27,522.5450000000001
2008-06-30,530.53
2008-07-01,526.86
2008-07-02,533.22
2008-07-03,533.365
2008-07-07,542.3
2008-07-08,547.595
2008-07-09,548.2049999999999
2008-07-10,540.1105
2008-07-11,529.4649999999999
2008-07-14,527.75705
2008-07-15,514.3
2008-07-16,523.55
2008-07-17,530.775
2008-07-18,488.58500000000004
2008-07-21,474.895
2008-07-22,472.92525
2008-07-23,487.665
2008-07-24,486.245
2008-07-25,487.31600000000003
2008-07-28,483.61
2008-07-29,482.63
2008-07-30,479.41499999999996
2008-07-31,476.16499999999996
2008-08-01,467.86
2008-08-04,467.455
2008-08-05,473.205
2008-08-06,481.14
2008-08-07,480.20500000000004
2008-08-08,485.72
2008-08-11,500.33
2008-08-12,502.065
2008-08-13,498.71000000000004
2008-08-14,501.95000000000005
2008-08-15,508.08000000000004
2008-08-18,502.75505
2008-08-19,492.455
2008-08-20,489.63005
2008-08-21,484.58495
2008-08-22,492.178
2008-08-25,489.25
2008-08-26,477.025
2008-08-27,469.835
2008-08-28,473.39
2008-08-29,466.66999999999996
2008-09-02,471.8
2008-09-03,466.93494999999996
2008-09-04,456.32
2008-09-05,446.26800000000003
2008-09-08,435.24505
2008-09-09,423.69
2008-09-10,417.08000000000004
2008-09-11,420.735
2008-09-12,435.495
2008-09-15,432.84000000000003
2008-09-16,437.385
2008-09-17,426.28999999999996
2008-09-18,424.84000000000003
2008-09-19,452.67499999999995
2008-09-22,441.565
2008-09-23,433.25505
2008-09-24,437.555
2008-09-25,442.99
2008-09-26,429.09505
2008-09-29,402.11
2008-09-30,408.7
2008-10-01,410.04
2008-10-02,397.99
2008-10-03,397.78495
2008-10-06,366.57500000000005
2008-10-07,360.175
2008-10-08,342.55
2008-10-09,335.11805000000004
2008-10-10,326.095
2008-10-13,363.85
2008-10-14,375.75
2008-10-15,348.91499999999996
2008-10-16,332.97
2008-10-17,374.775
2008-10-20,370.28499999999997
2008-10-21,372.89
2008-10-22,356.845
2008-10-23,347.995
2008-10-24,337.605
2008-10-27,334.3
2008-10-28,348.90999999999997
2008-10-29,361.685
2008-10-30,365.185
2008-10-31,363.11495
2008-11-03,352.21000000000004
2008-11-04,358.93
2008-11-05,355.095
2008-11-06,335.115
2008-11-07,333.2405
2008-11-10,319.457
2008-11-11,308.4105
2008-11-12,300.12495
2008-11-13,296.5
2008-11-14,313.775
2008-11-17,304.055
2008-11-18,294.54
2008-11-19,289.385
2008-11-20,270.99
2008-11-21,258.33500000000004
2008-11-24,259.48
2008-11-25,276.99
2008-11-26,285.83
2008-11-28,292.36505
2008-12-01,276.68145000000004
2008-12-02,270.18005
2008-12-03,273.35
2008-12-04,276.13
2008-12-05,274.13
2008-12-08,295.72
2008-12-09,307.505
2008-12-10,309.705
2008-12-11,305.34000000000003
2008-12-12,305.235
2008-12-15,311.8
2008-12-16,320.385
2008-12-17,317.275
2008-12-18,314.73
2008-12-19,313.395
2008-12-22,300.065
2008-12-23,299.99
2008-12-24,302.36
2008-12-26,301.78499999999997
2008-12-29,296.48
2008-12-30,302.76
2008-12-31,306.80505
2009-01-02,313.65995
2009-01-05,323.12
2009-01-06,333.5945
2009-01-07,324.82995
2009-01-08,321.265
2009-01-09,320.45
2009-01-12,314.59000000000003
2009-01-13,315.495
2009-01-14,305.775
2009-01-15,295.185
2009-01-16,301.975
2009-01-20,291.125
2009-01-21,295.925
2009-01-22,302.25
2009-01-23,318.09000000000003
2009-01-26,324.28
2009-01-27,329.07
2009-01-28,344.32
2009-01-29,342.58000000000004
2009-01-30,342.40049999999997
2009-02-02,338.5
2009-02-03,338.41425000000004
2009-02-04,346.805
2009-02-05,346.19
2009-02-06,364.625
2009-02-09,374.15
2009-02-10,367.695
2009-02-11,359.0
2009-02-12,357.55
2009-02-13,359.11
2009-02-17,343.39
2009-02-18,346.95
2009-02-19,350.605
2009-02-20,341.96000000000004
2009-02-23,339.675
2009-02-24,340.255
2009-02-25,345.61
2009-02-26,344.82500000000005
2009-02-27,337.46500000000003
2009-03-02,333.34995000000004
2009-03-03,328.02
2009-03-04,322.19
2009-03-05,310.86
2009-03-06,302.21950000000004
2009-03-09,298.01
2009-03-10,302.375
2009-03-11,312.855
2009-03-12,319.325
2009-03-13,323.24505
2009-03-16,324.15999999999997
2009-03-17,327.215
2009-03-18,334.02684999999997
2009-03-19,331.69
2009-03-20,329.66499999999996
2009-03-23,341.24
2009-03-24,348.91999999999996
2009-03-25,343.79499999999996
2009-03-26,353.83000000000004
2009-03-27,348.73305000000005
2009-03-30,339.9325
2009-03-31,349.84299999999996
2009-04-01,347.925
2009-04-02,365.03999999999996
2009-04-03,364.86
2009-04-06,365.61105
2009-04-07,359.53
2009-04-08,360.605
2009-04-09,370.3
2009-04-13,374.70000000000005
2009-04-14,371.295
2009-04-15,372.61
2009-04-16,386.96
2009-04-17,392.315
2009-04-20,383.27
2009-04-21,380.20000000000005
2009-04-22,384.505
2009-04-23,385.43
2009-04-24,386.84000000000003
2009-04-27,386.12
2009-04-28,385.295
2009-04-29,390.4
2009-04-30,399.275
2009-05-01,394.57
2009-05-04,398.595
2009-05-05,401.125
2009-05-06,404.64
2009-05-07,398.745
2009-05-08,402.5642
2009-05-11,406.6
2009-05-12,403.05
2009-05-13,392.37
2009-05-14,388.45
2009-05-15,391.60025
2009-05-18,391.355
2009-05-19,397.32
2009-05-20,400.33500000000004
2009-05-21,398.33849999999995
2009-05-22,395.32525
2009-05-26,397.5
2009-05-27,408.33425
2009-05-28,408.115
2009-05-29,413.96645
2009-06-01,424.065
2009-06-02,426.67999999999995
2009-06-03,428.2315
2009-06-04,437.87
2009-06-05,443.4
2009-06-08,437.52
2009-06-09,436.13
2009-06-10,432.28
2009-06-11,431.05
2009-06-12,424.455
2009-06-15,417.75
2009-06-16,418.255
2009-06-17,415.64
2009-06-18,415.845
2009-06-19,417.52
2009-06-22,409.69005000000004
2009-06-23,405.77
2009-06-24,409.395
2009-06-25,411.205
2009-06-26,420.67
2009-06-29,425.02
2009-06-30,422.71500000000003
2009-07-01,422.275
2009-07-02,411.11
2009-07-06,406.15
2009-07-07,402.58505
2009-07-08,402.03
2009-07-09,410.125
2009-07-10,413.03499999999997
2009-07-13,419.85
2009-07-14,423.8
2009-07-15,433.58500000000004
2009-07-16,439.925
2009-07-17,431.09000000000003
2009-07-20,429.54975
2009-07-21,428.81
2009-07-22,426.85
2009-07-23,433.355
2009-07-24,442.745
2009-07-27,442.18
2009-07-28,439.45500000000004
2009-07-29,434.8425
2009-07-30,447.04
2009-07-31,447.565
2009-08-03,450.77
2009-08-04,451.21500000000003
2009-08-05,452.395
2009-08-06,451.705
2009-08-07,457.20500000000004
2009-08-10,456.1
2009-08-11,454.804
2009-08-12,458.33500000000004
2009-08-13,461.81500000000005
2009-08-14,460.03499999999997
2009-08-17,447.55525
2009-08-18,445.01
2009-08-19,441.78025
2009-08-20,456.70500000000004
2009-08-21,464.37
2009-08-24,467.2575
2009-08-25,471.535
2009-08-26,469.85
2009-08-27,464.655
2009-08-28,467.875
2009-08-31,459.93
2009-09-01,460.62
2009-09-02,455.46
2009-09-03,456.625
2009-09-04,459.19
2009-09-08,461.41499999999996
2009-09-09,462.53499999999997
2009-09-10,466.47
2009-09-11,470.46500000000003
2009-09-14,473.425
2009-09-15,475.81
2009-09-16,483.925
2009-09-17,492.26
2009-09-18,494.105
2009-09-21,492.56
2009-09-22,499.9
2009-09-23,502.355
2009-09-24,497.20500000000004
2009-09-25,495.96500000000003
2009-09-28,497.39750000000004
2009-09-29,496.38
2009-09-30,493.69
2009-10-01,491.735
2009-10-02,487.17
2009-10-05,487.885
2009-10-06,495.53505
2009-10-07,508.4
2009-10-08,518.2950000000001
2009-10-09,518.005
2009-10-12,522.5400500000001
2009-10-13,524.4200000000001
2009-10-14,532.79
2009-10-15,532.085
2009-10-16,549.64
2009-10-19,551.165
2009-10-20,546.825
2009-10-21,554.175
2009-10-22,551.5
2009-10-23,554.5450000000001
2009-10-26,556.265
2009-10-27,549.3599999999999
2009-10-28,544.125
2009-10-29,546.415
2009-10-30,542.2049999999999
2009-11-02,533.8505
2009-11-03,532.90005
2009-11-04,540.96
2009-11-05,546.217
2009-11-06,548.64
2009-11-09,558.405
2009-11-10,565.39
2009-11-11,569.6800000000001
2009-11-12,569.2
2009-11-13,569.56
2009-11-16,574.885
2009-11-17,575.61
2009-11-18,575.425
2009-11-19,572.0
2009-11-20,570.5
2009-11-23,581.23
2009-11-24,580.415
2009-11-25,584.87495
2009-11-27,576.715
2009-11-30,580.39
2009-12-01,587.11
2009-12-02,589.615
2009-12-03,588.225
2009-12-04,587.006
2009-12-07,584.845
2009-12-08,586.3299999999999
2009-12-09,586.455
2009-12-10,592.56
2009-12-11,591.24
2009-12-14,594.9600499999999
2009-12-15,593.685
2009-12-16,598.505
2009-12-17,595.7
2009-12-18,596.9649999999999
2009-12-21,597.755
2009-12-22,600.175
2009-12-23,607.8599
2009-12-24,615.89525
2009-12-28,622.235
2009-12-29,621.56625
2009-12-30,620.37
2009-12-31,622.69
2010-01-04,626.875
2010-01-05,624.69
2010-01-06,616.11
2010-01-07,601.325
2010-01-08,596.1800000000001
2010-01-11,599.25
2010-01-12,593.0799999999999
2010-01-13,581.14
2010-01-14,588.505
2010-01-15,585.8
2010-01-19,583.355
2010-01-20,580.635
2010-01-21,579.53475
2010-01-22,552.73
2010-01-25,542.69375
2010-01-26,542.9449999999999
2010-01-27,541.48
2010-01-28,538.7999500000001
2010-01-29,533.3
2010-02-01,533.055
2010-02-02,531.2850000000001
2010-02-03,535.165
2010-02-04,531.78
2010-02-05,527.9792500000001
2010-02-08,536.76505
2010-02-09,538.3
2010-02-10,532.74
2010-02-11,534.995
2010-02-12,533.825
2010-02-16,539.2149999999999
2010-02-17,540.505
2010-02-18,540.575
2010-02-19,541.865
2010-02-22,544.25
2010-02-23,537.96
2010-02-24,534.475
2010-02-25,524.24495
2010-02-26,527.615
2010-03-01,530.515
2010-03-02,540.335
2010-03-03,543.685
2010-03-04,551.165
2010-03-05,563.785
2010-03-08,563.095
2010-03-09,560.5799999999999
2010-03-10,570.355
2010-03-11,580.205
2010-03-12,583.7175
2010-03-15,562.725
2010-03-16,564.5899999999999
2010-03-17,567.8499999999999
2010-03-18,565.7
2010-03-19,562.64
2010-03-22,560.565
2010-03-23,550.156
2010-03-24,549.77475
2010-03-25,565.3299999999999
2010-03-26,563.70505
2010-03-29,562.645
2010-03-30,563.9549999999999
2010-03-31,566.275
2010-04-01,569.5
2010-04-05,571.94
2010-04-06,568.145
2010-04-07,565.3050000000001
2010-04-08,564.95075
2010-04-09,566.385
2010-04-12,570.11
2010-04-13,580.005
2010-04-14,588.175
2010-04-15,593.0635
2010-04-16,559.22
2010-04-19,549.495
2010-04-20,555.35825
2010-04-21,556.2049999999999
2010-04-22,547.925
2010-04-23,545.7950000000001
2010-04-26,537.1
2010-04-27,532.7825
2010-04-28,527.9300000000001
2010-04-29,531.585
2010-04-30,531.56
2010-05-03,529.0
2010-05-04,515.475
2010-05-05,508.09505
2010-05-06,488.76
2010-05-07,493.325
2010-05-10,517.71
2010-05-11,514.05
2010-05-12,507.02
2010-05-13,516.185
2010-05-14,503.62
2010-05-17,503.35540000000003
2010-05-18,504.02
2010-05-19,493.59000000000003
2010-05-20,479.69075
2010-05-21,474.7
2010-05-24,483.295
2010-05-25,470.73
2010-05-26,482.38
2010-05-27,486.68
2010-05-28,488.225
2010-06-01,485.59000000000003
2010-06-02,487.66495
2010-06-03,501.35
2010-06-04,502.975
2010-06-07,492.02995
2010-06-08,483.19
2010-06-09,480.44
2010-06-10,482.16999999999996
2010-06-11,485.16499999999996
2010-06-14,488.845
2010-06-15,491.28999999999996
2010-06-16,500.055
2010-06-17,501.28
2010-06-18,500.8
2010-06-21,492.9285
2010-06-22,491.165
2010-06-23,482.525
2010-06-24,478.0055
2010-06-25,474.103
2010-06-28,473.28
2010-06-29,457.83500000000004
2010-06-30,451.275
2010-07-01,441.015
2010-07-02,439.1421
2010-07-06,440.64995
2010-07-07,443.33500000000004
2010-07-08,453.495
2010-07-09,468.02
2010-07-12,475.26
2010-07-13,486.635
2010-07-14,490.145
2010-07-15,488.69
2010-07-16,465.03999999999996
2010-07-19,463.585
2010-07-20,471.795
2010-07-21,480.56505
2010-07-22,485.73
2010-07-23,485.29999999999995
2010-07-26,487.8145
2010-07-27,493.83500000000004
2010-07-28,488.96000000000004
2010-07-29,484.105
2010-07-30,483.25
2010-08-02,490.11
2010-08-03,489.61
2010-08-04,499.025
2010-08-05,506.07950000000005
2010-08-06,500.895
2010-08-09,503.4316
2010-08-10,502.28499999999997
2010-08-11,494.75
2010-08-12,488.63
2010-08-13,488.6
2010-08-16,485.18595
2010-08-17,490.365
2010-08-18,486.21000000000004
2010-08-19,474.88
2010-08-20,466.30505
2010-08-23,462.99
2010-08-24,454.645
2010-08-25,453.905
2010-08-26,453.85
2010-08-27,453.82
2010-08-30,456.0905
2010-08-31,451.435
2010-09-01,458.72
2010-09-02,462.37
2010-09-03,469.65999999999997
2010-09-07,465.30499999999995
2010-09-08,468.50485000000003
2010-09-09,475.49
2010-09-10,477.43505000000005
2010-09-13,481.94
2010-09-14,482.41499999999996
2010-09-15,480.195
2010-09-16,480.93
2010-09-17,486.19
2010-09-20,501.235
2010-09-21,514.445
2010-09-22,514.73
2010-09-23,515.49425
2010-09-24,523.0445
2010-09-27,532.8484000000001
2010-09-28,526.02
2010-09-29,528.82475
2010-09-30,525.3945
2010-10-01,526.81
2010-10-04,523.55005
2010-10-05,533.275
2010-10-06,534.9454499999999
2010-10-07,533.1700000000001
2010-10-08,532.6125
2010-10-11,540.885
2010-10-12,541.88995
2010-10-13,544.9115
2010-10-14,541.1800000000001
2010-10-15,596.62
2010-10-18,610.12
2010-10-19,608.84
2010-10-20,612.44
2010-10-21,611.0
2010-10-22,612.435
2010-10-25,619.855
2010-10-26,616.13
2010-10-27,616.165
2010-10-28,617.15
2010-10-29,615.995
2010-11-01,615.935
2010-11-02,617.29
2010-11-03,617.66605
2010-11-04,626.01
2010-11-05,623.3
2010-11-08,626.31
2010-11-09,625.6804999999999
2010-11-10,620.255
2010-11-11,617.03
2010-11-12,609.05465
2010-11-15,599.025
2010-11-16,590.6700000000001
2010-11-17,585.4345000000001
2010-11-18,594.27
2010-11-19,594.115
2010-11-22,588.095
2010-11-23,583.605
2010-11-24,591.825
2010-11-26,589.99
2010-11-29,584.875
2010-11-30,563.815
2010-12-01,566.985
2010-12-02,569.34005
2010-12-03,572.24
2010-12-06,579.3050000000001
2010-12-07,589.5
2010-12-08,588.105
2010-12-09,592.29
2010-12-10,592.14
2010-12-13,598.5450000000001
2010-12-14,595.385
2010-12-15,592.80005
2010-12-16,590.9200000000001
2010-12-17,590.115
2010-12-20,593.2682
2010-12-21,601.16745
2010-12-22,605.14
2010-12-23,604.015
2010-12-27,601.64
2010-12-28,600.94
2010-12-29,600.665
2010-12-30,599.36205
2010-12-31,595.2249999999999
2011-01-03,601.0350000000001
2011-01-04,603.15
2011-01-05,605.19
2011-01-06,614.24
2011-01-07,614.19
2011-01-10,611.9749999999999
2011-01-11,616.65
2011-01-12,617.06
2011-01-13,616.915
2011-01-14,620.675
2011-01-18,633.63
2011-01-19,636.31
2011-01-20,628.685
2011-01-21,626.5450000000001
2011-01-24,606.86
2011-01-25,613.605
2011-01-26,618.885
2011-01-27,616.47595
2011-01-28,610.06
2011-01-31,600.01
2011-02-01,608.233
2011-02-02,610.935
2011-02-03,608.79
2011-02-04,609.0260000000001
2011-02-07,613.8
2011-02-08,617.0706
2011-02-09,615.895
2011-02-10,614.53
2011-02-11,619.0
2011-02-14,624.8395
2011-02-15,626.595
2011-02-16,624.3
2011-02-17,623.765
2011-02-18,627.68
2011-02-22,616.3499999999999
2011-02-23,609.35
2011-02-24,607.22
2011-02-25,612.11
2011-02-28,612.25
2011-03-01,609.26175
2011-03-02,600.595
2011-03-03,608.245
2011-03-04,604.59
2011-03-07,595.345
2011-03-08,594.09
2011-03-09,590.1305
2011-03-10,583.0350000000001
2011-03-11,576.665
2011-03-14,573.155
2011-03-15,563.25
2011-03-16,560.53505
2011-03-17,564.77
2011-03-18,563.865
2011-03-21,574.41
2011-03-22,575.87
2011-03-23,577.225
2011-03-24,583.595
2011-03-25,583.075
2011-03-28,579.85
2011-03-29,577.45
2011-03-30,583.0409500000001
2011-03-31,584.9506
2011-04-01,591.975
2011-04-04,588.9200000000001
2011-04-05,573.585
2011-04-06,571.5799999999999
2011-04-07,577.415
2011-04-08,581.4749999999999
2011-04-11,575.55
2011-04-12,572.4825
2011-04-13,574.675
2011-04-14,575.7750000000001
2011-04-15,537.905
2011-04-18,523.332
2011-04-19,525.89
2011-04-20,524.105
2011-04-21,525.335
2011-04-25,524.505
2011-04-26,531.32495
2011-04-27,536.23
2011-04-28,536.664
2011-04-29,541.3050000000001
2011-05-02,541.425
2011-05-03,535.8199999999999
2011-05-04,536.01
2011-05-05,535.4606
2011-05-06,538.3199999999999
2011-05-09,534.7950000000001
2011-05-10,540.9849999999999
2011-05-11,538.61855
2011-05-12,533.925
2011-05-13,532.4849999999999
2011-05-16,521.835
2011-05-17,523.125
2011-05-18,528.0150000000001
2011-05-19,533.13
2011-05-20,527.56
2011-05-23,516.7
2011-05-24,521.056
2011-05-25,520.01
2011-05-26,518.56
2011-05-27,519.045
2011-05-31,526.275
2011-06-01,529.25495
2011-06-02,526.39
2011-06-03,524.55
2011-06-06,523.0341000000001
2011-06-07,521.81
2011-06-08,518.51
2011-06-09,517.8199999999999
2011-06-10,512.99
2011-06-13,506.185
2011-06-14,510.535
2011-06-15,504.48
2011-06-16,501.62
2011-06-17,495.745
2011-06-20,482.73
2011-06-21,489.337
2011-06-22,489.54
2011-06-23,478.295
2011-06-24,476.885
2011-06-27,481.0
2011-06-28,490.11375
2011-06-29,496.315
2011-06-30,504.08500000000004
2011-07-01,513.78
2011-07-05,530.3499999999999
2011-07-06,535.775
2011-07-07,543.28
2011-07-08,532.46
2011-07-11,530.74
2011-07-12,532.71
2011-07-13,540.242
2011-07-14,534.365
2011-07-15,594.20505
2011-07-18,597.025
2011-07-19,600.105
2011-07-20,599.09
2011-07-21,601.035
2011-07-22,611.885
2011-07-25,619.2046
2011-07-26,622.3586
2011-07-27,612.85
2011-07-28,609.49
2011-07-29,609.325
2011-08-01,607.3399999999999
2011-08-02,600.62
2011-08-03,593.313
2011-08-04,588.1600000000001
2011-08-05,576.0
2011-08-08,556.675
2011-08-09,557.81
2011-08-10,555.925
2011-08-11,558.4549999999999
2011-08-12,565.45
2011-08-15,555.52
2011-08-16,541.37
2011-08-17,537.23
2011-08-18,512.69
2011-08-19,502.865
2011-08-22,500.765
2011-08-23,510.234
2011-08-24,523.615
2011-08-25,527.785
2011-08-26,521.797
2011-08-29,536.5060000000001
2011-08-30,536.9
2011-08-31,541.15
2011-09-01,537.523
2011-09-02,524.32485
2011-09-06,516.63
2011-09-07,531.6695
2011-09-08,535.5
2011-09-09,527.9200000000001
2011-09-12,524.745
2011-09-13,528.64
2011-09-14,531.385
2011-09-15,539.77
2011-09-16,544.99
2011-09-19,542.64
2011-09-20,550.595
2011-09-21,546.9300000000001
2011-09-22,521.3885
2011-09-23,520.46
2011-09-26,523.0899999999999
2011-09-27,541.55
2011-09-28,535.86
2011-09-29,528.355
2011-09-30,519.19
2011-10-03,503.5
2011-10-04,492.01800000000003
2011-10-05,494.28499999999997
2011-10-06,508.915
2011-10-07,515.4
2011-10-10,530.335
2011-10-11,540.13
2011-10-12,549.9300000000001
2011-10-13,553.51
2011-10-14,593.585
2011-10-17,584.915
2011-10-18,584.98
2011-10-19,585.64
2011-10-20,584.2
2011-10-21,589.725
2011-10-24,593.235
2011-10-25,588.925
2011-10-26,581.52
2011-10-27,598.0
2011-10-28,598.275
2011-10-31,595.6800000000001
2011-11-01,581.13
2011-11-02,584.22
2011-11-03,590.61
2011-11-04,596.085
2011-11-07,600.505
2011-11-08,608.985
2011-11-09,604.025
2011-11-10,598.75365
2011-11-11,605.345
2011-11-14,612.9300000000001
2011-11-15,614.29
2011-11-16,614.4549999999999
2011-11-17,604.535
2011-11-18,599.125
2011-11-21,580.2950000000001
2011-11-22,580.105
2011-11-23,575.1800000000001
2011-11-25,567.8
2011-11-28,582.6600000000001
2011-11-29,585.845
2011-11-30,595.8
2011-12-01,607.5
2011-12-02,620.13
2011-12-05,627.15
2011-12-06,624.4300000000001
2011-12-07,621.88
2011-12-08,621.375
2011-12-09,623.0699999999999
2011-12-12,623.2349999999999
2011-12-13,629.70495
2011-12-14,618.405
2011-12-15,621.345
2011-12-16,625.395
2011-12-19,624.25
2011-12-20,629.915
2011-12-21,625.3900000000001
2011-12-22,629.37
2011-12-23,632.6199999999999
2011-12-27,638.245
2011-12-28,641.55
2011-12-29,639.1
2011-12-30,644.39
2012-01-03,660.26
2012-01-04,665.435
2012-01-05,660.1
2012-01-06,654.895
2012-01-09,634.115
2012-01-10,625.355
2012-01-11,625.2570000000001
2012-01-12,629.6949999999999
2012-01-13,624.005
2012-01-17,628.8299999999999
2012-01-18,628.06
2012-01-19,636.225
2012-01-20,586.35
2012-01-23,585.91
2012-01-24,582.8399999999999
2012-01-25,572.5450000000001
2012-01-26,569.515
2012-01-27,574.825
2012-01-30,576.7
2012-01-31,579.575
2012-02-01,582.3199999999999
2012-02-02,584.245
2012-02-03,592.56
2012-02-06,602.4200000000001
2012-02-07,606.5761
2012-02-08,608.04585
2012-02-09,611.75
2012-02-10,606.065
2012-02-13,611.9292499999999
2012-02-14,608.38
2012-02-15,607.7449999999999
2012-02-16,603.27
2012-02-17,605.015
2012-02-21,610.38
2012-02-22,611.745
2012-02-23,604.145
2012-02-24,608.5799999999999
2012-02-27,608.71
2012-02-28,613.7249999999999
2012-02-29,620.55
2012-03-01,621.925
2012-03-02,622.1600000000001
2012-03-05,616.935
2012-03-06,601.325
2012-03-07,608.5239
2012-03-08,608.925
2012-03-09,605.95
2012-03-12,603.13
2012-03-13,611.701
2012-03-14,618.12
2012-03-15,619.165
2012-03-16,622.979
2012-03-19,629.2555
2012-03-20,631.665
2012-03-21,639.95
2012-03-22,639.9
2012-03-23,644.7
2012-03-26,644.515
2012-03-27,649.15
2012-03-28,654.8345
2012-03-29,650.4449999999999
2012-03-30,647.245
2012-04-02,641.1700000000001
2012-04-03,643.2950000000001
2012-04-04,635.05
2012-04-05,632.5
2012-04-09,630.31
2012-04-10,629.525
2012-04-11,633.65
2012-04-12,646.7
2012-04-13,636.265
2012-04-16,612.7349999999999
2012-04-17,612.35
2012-04-18,607.805
2012-04-19,607.63
2012-04-20,602.34
2012-04-23,594.325
2012-04-24,601.975
2012-04-25,607.115
2012-04-26,613.85
2012-04-27,613.6700000000001
2012-04-30,608.346
2012-05-01,605.895
2012-05-02,604.36
2012-05-03,611.8900000000001
2012-05-04,602.34925
2012-05-07,602.7850000000001
2012-05-08,608.8
2012-05-09,609.095
2012-05-10,613.21
2012-05-11,609.66
2012-05-14,604.54
2012-05-15,609.375
2012-05-16,623.02
2012-05-17,629.54
2012-05-18,614.56
2012-05-21,607.847
2012-05-22,604.905
2012-05-23,603.36
2012-05-24,605.394
2012-05-25,595.005
2012-05-29,593.725
2012-05-30,587.7149999999999
2012-05-31,584.5
2012-06-01,570.5
2012-06-04,575.25
2012-06-05,572.3
2012-06-06,577.79
2012-06-07,582.5699999999999
2012-06-08,577.79
2012-06-11,576.0037500000001
2012-06-12,564.44
2012-06-13,562.8399999999999
2012-06-14,560.79505
2012-06-15,560.8050000000001
2012-06-18,566.73
2012-06-19,578.7000499999999
2012-06-20,576.755
2012-06-21,571.7850000000001
2012-06-22,568.6500000000001
2012-06-25,562.72125
2012-06-26,563.04
2012-06-27,570.004
2012-06-28,561.72
2012-06-29,576.165
2012-07-02,579.7499
2012-07-03,583.2049999999999
2012-07-05,594.3
2012-07-06,588.1700000000001
2012-07-09,584.925
2012-07-10,585.585
2012-07-11,571.395
2012-07-12,567.01
2012-07-13,573.8490999999999
2012-07-16,575.4854
2012-07-17,574.535
2012-07-18,579.9100000000001
2012-07-19,592.24
2012-07-20,605.56
2012-07-23,608.3
2012-07-24,611.135
2012-07-25,609.375
2012-07-26,613.45
2012-07-27,626.25
2012-07-30,636.05
2012-07-31,632.36
2012-08-01,635.4442
2012-08-02,630.72
2012-08-03,639.9300000000001
2012-08-06,644.3
2012-08-07,640.365
2012-08-08,642.185
2012-08-09,643.9451
2012-08-10,639.185
2012-08-13,653.415
2012-08-14,665.925
2012-08-15,669.175
2012-08-16,670.86
2012-08-17,674.475
2012-08-20,675.765
2012-08-21,670.0840000000001
2012-08-22,673.649
2012-08-23,675.74
2012-08-24,677.2650000000001
2012-08-27,665.62
2012-08-28,671.1800000000001
2012-08-29,682.5699999999999
2012-08-30,683.785
2012-08-31,684.31
2012-09-04,679.25
2012-09-05,682.8199999999999
2012-09-06,692.3100999999999
2012-09-07,704.96
2012-09-10,705.5999999999999
2012-09-11,695.825
2012-09-12,687.8945
2012-09-13,699.77
2012-09-14,710.005
2012-09-17,708.94
2012-09-18,712.72
2012-09-19,722.4849999999999
2012-09-20,726.3
2012-09-21,732.52
2012-09-24,740.145
2012-09-25,756.275
2012-09-26,751.12
2012-09-27,757.245
2012-09-28,755.2249999999999
2012-10-01,760.605
2012-10-02,758.13
2012-10-03,758.06
2012-10-04,764.645
2012-10-05,769.6925
2012-10-08,758.865
2012-10-09,751.9245
2012-10-10,742.909
2012-10-11,754.395
2012-10-12,749.485
2012-10-15,737.2655
2012-10-16,741.72505
2012-10-17,748.3
2012-10-18,717.7125
2012-10-19,689.35
2012-10-22,677.165
2012-10-23,679.665
2012-10-24,681.135
2012-10-25,677.755
2012-10-26,677.115
2012-10-31,678.0
2012-11-01,684.81
2012-11-02,691.46
2012-11-05,681.21
2012-11-06,682.025
2012-11-07,672.361
2012-11-08,661.36
2012-11-09,659.3199999999999
2012-11-12,665.335
2012-11-13,662.915
2012-11-14,656.3399999999999
2012-11-15,651.948
2012-11-16,644.5074999999999
2012-11-19,662.2249999999999
2012-11-20,671.2850000000001
2012-11-21,665.0999999999999
2012-11-23,668.05
2012-11-26,663.01
2012-11-27,666.5
2012-11-28,674.4
2012-11-29,687.95
2012-11-30,692.455
2012-12-03,700.0005
2012-12-04,690.605
2012-12-05,688.4150500000001
2012-12-06,690.06
2012-12-07,689.6495
2012-12-10,687.72
2012-12-11,694.8199999999999
2012-12-12,698.495
2012-12-13,708.0125
2012-12-14,703.125
2012-12-17,721.15
2012-12-18,722.075
2012-12-19,719.8399999999999
2012-12-20,720.81075
2012-12-21,714.6695
2012-12-24,711.325
2012-12-26,707.645
2012-12-27,703.725
2012-12-28,703.46
2012-12-31,703.2850000000001
2013-01-02,721.775
2013-01-03,726.325
2013-01-04,734.57505
2013-01-07,734.98
2013-01-08,730.3649499999999
2013-01-09,733.475
2013-01-10,739.25
2013-01-11,739.3632
2013-01-14,732.2750000000001
2013-01-15,723.55
2013-01-16,719.005
2013-01-17,715.3295
2013-01-18,707.05
2013-01-22,700.4275
2013-01-23,742.395
2013-01-24,748.6694
2013-01-25,754.365
2013-01-28,751.745
2013-01-29,751.745
2013-01-30,756.9300000000001
2013-01-31,753.935
2013-02-01,767.35
2013-02-04,764.3720000000001
2013-02-05,765.2875
2013-02-06,765.73
2013-02-07,772.15495
2013-02-08,783.115
2013-02-11,778.375
2013-02-12,783.635
2013-02-13,782.6600000000001
2013-02-14,783.255
2013-02-15,790.165
2013-02-19,801.14
2013-02-20,800.3820000000001
2013-02-21,798.335
2013-02-22,797.525
2013-02-25,799.45
2013-02-26,790.17495
2013-02-27,797.9300000000001
2013-02-28,804.01
2013-03-01,801.645
2013-03-04,813.9200000000001
2013-03-05,834.52495
2013-03-06,836.405
2013-03-07,833.1
2013-03-08,829.98495
2013-03-11,835.6
2013-03-12,827.78
2013-03-13,826.5
2013-03-14,822.19
2013-03-15,816.8199999999999
2013-03-18,807.115
2013-03-19,812.85
2013-03-20,814.475
2013-03-21,813.38365
2013-03-22,812.44
2013-03-25,813.0250000000001
2013-03-26,810.89495
2013-03-27,804.165
2013-03-28,799.335
2013-04-01,797.75
2013-04-02,809.415
2013-04-03,807.434
2013-04-04,798.525
2013-04-05,781.6949999999999
2013-04-08,773.9749999999999
2013-04-09,778.4300000000001
2013-04-10,784.175
2013-04-11,788.5799999999999
2013-04-12,787.516
2013-04-15,787.01
2013-04-16,789.96
2013-04-17,784.4725000000001
2013-04-18,773.53005
2013-04-19,784.85
2013-04-22,789.479
2013-04-23,807.9300000000001
2013-04-24,813.0
2013-04-25,812.05
2013-04-26,802.1600000000001
2013-04-29,812.85
2013-04-30,822.66
2013-05-01,820.54
2013-05-02,826.8
2013-05-03,841.4
2013-05-06,855.0550000000001
2013-05-07,857.26995
2013-05-08,863.395
2013-05-09,873.9449999999999
2013-05-10,876.3499999999999
2013-05-13,877.92545
2013-05-14,882.915
2013-05-15,905.2
2013-05-16,910.99495
2013-05-17,907.0045
2013-05-20,912.8
2013-05-21,904.635
2013-05-22,898.095
2013-05-23,881.98
2013-05-24,874.915
2013-05-28,886.27
2013-05-29,871.14
2013-05-30,872.655
2013-05-31,872.26
2013-06-03,864.49495
2013-06-04,862.33
2013-06-05,863.29
2013-06-06,856.7750000000001
2013-06-07,872.6600000000001
2013-06-10,885.54505
2013-06-11,883.26
2013-06-12,877.825
2013-06-13,872.5799999999999
2013-06-14,879.415
2013-06-17,883.855
2013-06-18,894.675
2013-06-19,904.1700000000001
2013-06-20,892.155
2013-06-21,881.475
2013-06-24,869.7850000000001
2013-06-25,872.095
2013-06-26,874.28505
2013-06-27,880.6700000000001
2013-06-28,878.0155
2013-07-01,888.54
2013-07-02,884.135
2013-07-03,883.835
2013-07-05,891.375
2013-07-08,901.6769999999999
2013-07-09,905.465
2013-07-10,905.7574999999999
2013-07-11,914.665
2013-07-12,919.12
2013-07-15,922.1800000000001
2013-07-16,920.935
2013-07-17,921.5799999999999
2013-07-18,911.595
2013-07-19,889.28
2013-07-22,904.835
2013-07-23,906.2850000000001
2013-07-24,905.5
2013-07-25,891.465
2013-07-26,885.995
2013-07-29,887.855
2013-07-30,888.24
2013-07-31,891.3444999999999
2013-08-01,899.775
2013-08-02,903.9100000000001
2013-08-05,902.3625
2013-08-06,902.7194999999999
2013-08-07,893.77
2013-08-08,890.5675
2013-08-09,892.76
2013-08-12,884.325
2013-08-13,882.35
2013-08-14,873.6949999999999
2013-08-15,861.46
2013-08-16,859.49
2013-08-19,864.725
2013-08-20,867.825
2013-08-21,871.7045
2013-08-22,872.5
2013-08-23,873.875
2013-08-26,870.4749999999999
2013-08-27,855.815
2013-08-28,851.5899999999999
2013-08-29,854.485
2013-08-30,851.8
2013-09-03,860.07
2013-09-04,864.335
2013-09-05,875.745
2013-09-06,878.76
2013-09-09,886.085
2013-09-10,888.00005
2013-09-11,891.5250000000001
2013-09-12,893.9549999999999
2013-09-13,890.26
2013-09-16,890.935
2013-09-17,884.6975
2013-09-18,893.5200500000001
2013-09-19,900.6949999999999
2013-09-20,899.875
2013-09-23,893.395
2013-09-24,885.75
2013-09-25,881.075
2013-09-26,878.875
2013-09-27,874.415
2013-09-30,874.575
2013-10-01,883.8599999999999
2013-10-02,883.5875000000001
2013-10-03,883.1
2013-10-04,873.75495
2013-10-07,869.05
2013-10-08,858.8050000000001
2013-10-09,852.815
2013-10-10,864.52
2013-10-11,869.39
2013-10-14,870.8199999999999
2013-10-15,879.815
2013-10-16,891.1700000000001
2013-10-17,891.315
2013-10-18,994.73
2013-10-21,1009.275
2013-10-22,1004.3955000000001
2013-10-23,1017.69
2013-10-24,1032.685
2013-10-25,1019.78
2013-10-28,1018.2049999999999
2013-10-29,1025.22
2013-10-30,1031.755
2013-10-31,1032.745
2013-11-01,1030.55
2013-11-04,1027.1999999999998
2013-11-05,1024.535
2013-11-06,1021.185
2013-11-07,1015.785
2013-11-08,1013.5
2013-11-11,1011.9649999999999
2013-11-12,1011.28
2013-11-13,1019.675
2013-11-14,1035.05
2013-11-15,1034.155
2013-11-18,1038.99
2013-11-19,1028.9
2013-11-20,1026.86
2013-11-21,1032.155
2013-11-22,1032.6950000000002
2013-11-25,1044.105
2013-11-26,1052.22
2013-11-27,1064.0
2013-11-29,1063.0349999999999
2013-12-02,1058.5549999999998
2013-12-03,1056.23
2013-12-04,1056.99
2013-12-05,1055.375
2013-12-06,1065.04
2013-12-09,1075.165
2013-12-10,1083.98
2013-12-11,1083.245
2013-12-12,1075.97
2013-12-13,1067.085
2013-12-16,1068.35
2013-12-17,1074.5700000000002
2013-12-18,1071.995
2013-12-19,1085.5349999999999
2013-12-20,1094.585
2013-12-23,1110.46
2013-12-24,1111.67
2013-12-26,1113.845
2013-12-27,1116.6100000000001
2013-12-30,1114.76
2013-12-31,1113.63
2014-01-02,1113.005
2014-01-03,1110.93
2014-01-06,1112.65
2014-01-07,1130.4250000000002
2014-01-08,1140.3049999999998
2014-01-09,1134.8899999999999
2014-01-10,1130.665
2014-01-13,1132.04
2014-01-14,1139.545
2014-01-15,1149.395
2014-01-16,1152.9650000000001
2014-01-17,1152.415
2014-01-21,1157.65
2014-01-22,1163.375
2014-01-23,1158.4299999999998
2014-01-24,1138.27
2014-01-27,1104.385
2014-01-28,1117.845
2014-01-29,1110.585
2014-01-30,1139.87
2014-01-31,1168.835
2014-02-03,1156.8600000000001
2014-02-04,1146.005
2014-02-05,1139.395
2014-02-06,1153.855
2014-02-07,1169.23
2014-02-10,1175.71
2014-02-11,1182.04
2014-02-12,1185.69
2014-02-13,1189.7800000000002
2014-02-14,1198.595
2014-02-18,1206.435
2014-02-19,1203.3600000000001
2014-02-20,1203.5500000000002
2014-02-21,1206.355
2014-02-24,1212.63
2014-02-25,1217.46
2014-02-26,1221.3200000000002
2014-02-27,1220.625
2014-02-28,1215.205
2014-03-03,1199.99
2014-03-04,1212.75
2014-03-05,1217.245
2014-03-06,1222.37
2014-03-07,1219.2150000000001
2014-03-10,1210.865
2014-03-11,1205.48
2014-03-12,1196.02
2014-03-13,1197.63
2014-03-14,1181.6999999999998
2014-03-17,1187.59
2014-03-18,1202.295
2014-03-19,1203.2
2014-03-20,1202.485
2014-03-21,1196.04
2014-03-24,1165.4250000000002
2014-03-25,1158.42
2014-03-26,1151.5349999999999
2014-03-27,1117.02
2014-03-28,1125.48
2014-03-31,1123.925
2014-04-01,1127.75
2014-04-02,1134.4
2014-04-03,577.155
2014-04-04,562.10565
2014-04-07,540.19
2014-04-08,552.29
2014-04-09,561.5899999999999
2014-04-10,556.855
2014-04-11,540.495
2014-04-14,546.77
2014-04-15,541.765
2014-04-16,558.55
2014-04-17,548.2
2014-04-21,539.0
2014-04-22,541.9975
2014-04-23,536.46385
2014-04-24,536.75
2014-04-25,528.1800000000001
2014-04-28,518.45
2014-04-29,530.38
2014-04-30,532.715
2014-05-01,536.385
2014-05-02,537.835
2014-05-05,531.6500000000001
2014-05-06,528.40405
2014-05-07,517.76
2014-05-08,520.905
2014-05-09,520.815
2014-05-12,533.13
2014-05-13,540.9449999999999
2014-05-14,537.465
2014-05-15,529.65495
2014-05-16,527.205
2014-05-19,532.505
2014-05-20,541.46
2014-05-21,545.9300000000001
2014-05-22,554.48
2014-05-23,559.585
2014-05-27,569.51
2014-05-28,573.806
2014-05-29,570.96625
2014-05-30,569.185
2014-06-02,563.5550000000001
2014-06-03,557.46375
2014-06-04,553.5699999999999
2014-06-05,560.025
2014-06-06,564.18995
2014-06-09,568.61
2014-06-10,569.065
2014-06-11,566.325
2014-06-12,562.075
2014-06-13,557.185
2014-06-16,553.995
2014-06-17,550.605
2014-06-18,556.49
2014-06-19,560.83395
2014-06-20,563.0699999999999
2014-06-23,568.97
2014-06-24,575.7049999999999
2014-06-25,580.28
2014-06-26,584.6
2014-06-27,585.25
2014-06-30,585.5
2014-07-01,589.9749999999999
2014-07-02,591.63
2014-07-03,591.625
2014-07-07,591.7925
2014-07-08,580.985
2014-07-09,580.55
2014-07-10,578.67505
2014-07-11,584.4025
2014-07-14,590.7764999999999
2014-07-15,590.30495
2014-07-16,593.625
2014-07-17,583.175
2014-07-18,598.81
2014-07-21,599.3050000000001
2014-07-22,604.0738
2014-07-23,604.2
2014-07-24,604.9549999999999
2014-07-25,598.375
2014-07-28,596.844
2014-07-29,595.3299999999999
2014-07-30,595.575
2014-07-31,584.8349499999999
2014-08-01,576.865
2014-08-04,578.04
2014-08-05,575.255
2014-08-06,573.047
2014-08-07,573.8699999999999
2014-08-08,574.29195
2014-08-11,577.494
2014-08-12,572.905
2014-08-13,580.6625
2014-08-14,584.3599999999999
2014-08-15,585.115
2014-08-18,590.8
2014-08-19,596.125
2014-08-20,594.9955
2014-08-21,593.1755
2014-08-22,592.395
2014-08-25,592.4200000000001
2014-08-26,589.75
2014-08-27,585.135
2014-08-28,581.2950000000001
2014-08-29,580.5699500000001
2014-09-02,585.8499999999999
2014-09-03,590.495
2014-09-04,594.3
2014-09-05,596.025
2014-09-08,600.7715499999999
2014-09-09,595.54
2014-09-10,590.4300000000001
2014-09-11,588.9925000000001
2014-09-12,587.38
2014-09-15,580.4649999999999
2014-09-16,585.55
2014-09-17,591.595
2014-09-18,595.29
2014-09-19,601.5799999999999
2014-09-22,598.46
2014-09-23,593.4449999999999
2014-09-24,595.2049999999999
2014-09-25,591.405
2014-09-26,587.2869499999999
2014-09-29,585.44
2014-09-30,587.75
2014-10-01,583.37
2014-10-02,578.645
2014-10-03,585.895
2014-10-06,588.9
2014-10-07,579.975
2014-10-08,576.165
2014-10-09,575.78
2014-10-10,565.12
2014-10-13,552.6524999999999
2014-10-14,551.565
2014-10-15,536.1685
2014-10-16,532.97
2014-10-17,530.9300000000001
2014-10-20,526.15
2014-10-21,534.485
2014-10-22,545.495
2014-10-23,551.45
2014-10-24,550.0799999999999
2014-10-27,550.6
2014-10-28,554.815
2014-10-29,560.475
2014-10-30,557.315
2014-10-31,566.77
2014-11-03,564.39
2014-11-04,561.545
2014-11-05,560.525
2014-11-06,553.6895
2014-11-07,552.475
2014-11-10,556.125
2014-11-11,559.37095
2014-11-12,558.375
2014-11-13,557.45495
2014-11-14,555.255
2014-11-17,549.815
2014-11-18,548.295
2014-11-19,543.705
2014-11-20,543.44
2014-11-21,548.02
2014-11-24,547.6700000000001
2014-11-25,549.7049999999999
2014-11-26,547.5550000000001
2014-11-28,547.0400500000001
2014-12-01,543.7049999999999
2014-12-02,538.2535
2014-12-03,538.3075
2014-12-04,538.79
2014-12-05,532.73
2014-12-08,530.4075
2014-12-09,530.03
2014-12-10,533.425
2014-12-11,533.0999999999999
2014-12-12,526.85
2014-12-15,520.3835
2014-12-16,506.385
2014-12-17,504.09000000000003
2014-12-18,511.405
2014-12-19,514.835
2014-12-22,526.78
2014-12-23,538.01
2014-12-24,537.6949999999999
2014-12-26,539.37
2014-12-29,540.545
2014-12-30,535.725
2014-12-31,534.3
2015-01-02,531.8399999999999
2015-01-05,522.86995
2015-01-06,513.38
2015-01-07,507.57
2015-01-08,501.26
2015-01-09,503.625
2015-01-12,495.595
2015-01-13,502.93
2015-01-14,503.21000000000004
2015-01-15,505.88
2015-01-16,506.97
2015-01-20,512.49
2015-01-21,515.7205
2015-01-22,530.375
2015-01-23,540.5804
2015-01-26,536.7850000000001
2015-01-27,526.8206
2015-01-28,519.02
2015-01-29,509.33500000000004
2015-01-30,530.64
2015-02-02,529.11
2015-02-03,532.13
2015-02-04,530.8879999999999
2015-02-05,528.165
2015-02-06,534.4325
2015-02-09,530.7149999999999
2015-02-10,535.0862500000001
2015-02-11,538.975
2015-02-12,542.6700000000001
2015-02-13,549.5699999999999
2015-02-17,548.13
2015-02-18,543.55
2015-02-19,543.8050000000001
2015-02-20,542.84
2015-02-23,535.65
2015-02-24,535.2
2015-02-25,543.79
2015-02-26,552.60995
2015-02-27,563.2249999999999
2015-03-02,569.5699999999999
2015-03-03,575.675
2015-03-04,577.075
2015-03-05,580.715
2015-03-06,577.42
2015-03-09,572.25
2015-03-10,564.7909999999999
2015-03-11,559.795
2015-03-12,558.685
2015-03-13,557.345
2015-03-16,557.5350000000001
2015-03-17,557.525
2015-03-18,560.005
2015-03-19,564.54
2015-03-20,565.79
2015-03-23,566.34995
2015-03-24,574.985
2015-03-25,573.5350000000001
2015-03-26,562.75
2015-03-27,560.498
2015-03-30,559.4749999999999
2015-03-31,558.56
2015-04-01,552.265
2015-04-02,544.22
2015-04-06,540.62
2015-04-07,546.8725
2015-04-08,548.75
2015-04-09,545.6605
2015-04-10,547.415
2015-04-13,549.785
2015-04-14,541.155
2015-04-15,537.78
2015-04-16,541.6645000000001
2015-04-17,534.4
2015-04-20,539.575
2015-04-21,544.99225
2015-04-22,546.1600000000001
2015-04-23,555.625
2015-04-24,576.5250000000001
2015-04-27,568.91
2015-04-28,564.395
2015-04-29,562.4200000000001
2015-04-30,553.915
2015-05-01,547.5350000000001
2015-05-04,552.04
2015-05-05,547.49
2015-05-06,538.0825
2015-05-07,539.325
2015-05-08,550.415
2015-05-11,549.48495
2015-05-12,538.9805
2015-05-13,541.4100000000001
2015-05-14,546.095
2015-05-15,546.55
2015-05-18,545.2950000000001
2015-05-19,550.26
2015-05-20,550.5825
2015-05-21,553.4555
2015-05-22,555.9300000000001
2015-05-26,548.15025
2015-05-27,550.93565
2015-05-28,553.28
2015-05-29,549.49
2015-06-01,547.075
2015-06-02,552.67
2015-06-03,555.0699999999999
2015-06-04,552.54
2015-06-05,550.357
2015-06-08,546.4100000000001
2015-06-09,541.8453
2015-06-10,549.9449999999999
2015-06-11,552.0
2015-06-12,547.24
2015-06-15,541.63
2015-06-16,544.1312
2015-06-17,545.085
2015-06-18,552.625
2015-06-19,555.0840000000001
2015-06-22,562.26
2015-06-23,561.025
2015-06-24,559.7249999999999
2015-06-25,560.2975
2015-06-26,555.925
2015-06-29,545.5699999999999
2015-06-30,542.72
2015-07-01,542.785
2015-07-02,545.7850000000001
2015-07-06,545.3375000000001
2015-07-07,545.425
2015-07-08,544.74
2015-07-09,546.75
2015-07-10,555.645
2015-07-13,565.7750000000001
2015-07-14,581.93935
2015-07-15,584.45
2015-07-16,596.21
2015-07-17,690.5
2015-07-20,689.785
2015-07-21,694.875
2015-07-22,702.475
2015-07-23,683.83
2015-07-24,665.4849999999999
2015-07-27,659.31
2015-07-28,658.755
2015-07-29,658.085
2015-07-30,659.87
2015-07-31,661.09995
2015-08-03,662.165
2015-08-04,664.255
2015-08-05,672.74635
2015-08-06,667.74
2015-08-07,663.8325
2015-08-10,665.925
2015-08-11,694.1600000000001
2015-08-12,688.255
2015-08-13,688.105
2015-08-14,687.5799999999999
2015-08-17,688.9
2015-08-18,690.5384
2015-08-19,693.5
2015-08-20,685.7200499999999
2015-08-21,657.9970000000001
2015-08-24,618.71
2015-08-25,629.335
2015-08-26,646.425
2015-08-27,662.5399500000001
2015-08-28,660.375
2015-08-31,655.38
2015-09-01,634.75
2015-09-02,637.8485000000001
2015-09-03,642.52865
2015-09-04,630.5
2015-09-08,638.97
2015-09-09,649.13
2015-09-10,648.3
2015-09-11,651.3599999999999
2015-09-14,652.7104999999999
2015-09-15,661.095
2015-09-16,665.13495
2015-09-17,673.495
2015-09-18,664.935
2015-09-21,663.5
2015-09-22,651.925
2015-09-23,655.50505
2015-09-24,649.46745
2015-09-25,649.1175000000001
2015-09-28,630.345
2015-09-29,626.355
2015-09-30,634.23
2015-10-01,637.4775
2015-10-02,645.87775
2015-10-05,664.44875
2015-10-06,670.94115
2015-10-07,668.425
2015-10-08,663.19
2015-10-09,668.2225000000001
2015-10-12,672.61
2015-10-13,680.784
2015-10-14,684.47
2015-10-15,689.275
2015-10-16,692.6600000000001
2015-10-19,696.2248500000001
2015-10-20,685.8399999999999
2015-10-21,677.8
2015-10-22,679.87495
2015-10-23,735.22
2015-10-26,727.485
2015-10-27,730.0496
2015-10-28,732.3199999999999
2015-10-29,740.9749999999999
2015-10-30,741.42
2015-11-02,739.815
2015-11-03,746.429
2015-11-04,754.55
2015-11-05,761.9100000000001
2015-11-06,759.0260000000001
2015-11-09,756.2049999999999
2015-11-10,754.505
2015-11-11,764.415
2015-11-12,760.8295
2015-11-13,747.4000000000001
2015-11-16,743.02
2015-11-17,749.5
2015-11-18,754.245
2015-11-19,760.23
2015-11-20,771.7090000000001
2015-11-23,778.2049999999999
2015-11-24,767.05
2015-11-25,769.765
2015-11-27,770.50005
2015-11-30,768.075
2015-12-01,775.475
2015-12-02,784.73875
2015-12-03,773.465
2015-12-04,773.9649999999999
2015-12-07,773.86
2015-12-08,770.585
2015-12-09,764.0496
2015-12-10,760.5327500000001
2015-12-11,753.0450000000001
2015-12-14,750.2049999999999
2015-12-15,766.375
2015-12-16,769.2725
2015-12-17,775.4449999999999
2015-12-18,765.365
2015-12-21,760.25
2015-12-22,765.77
2015-12-23,764.775
2015-12-24,766.7950000000001
2015-12-28,775.2725
2015-12-29,792.446
2015-12-30,791.8275000000001
2015-12-31,782.825
2016-01-04,754.87
2016-01-05,762.425
2016-01-06,756.865
2016-01-07,745.295
2016-01-08,739.5200500000001
2016-01-11,727.3199999999999
2016-01-12,742.385
2016-01-13,734.89
2016-01-14,722.4449999999999
2016-01-15,712.8340000000001
2016-01-19,717.6
2016-01-20,707.365
2016-01-21,724.39
2016-01-22,744.53
2016-01-25,742.4805
2016-01-26,733.215
2016-01-27,724.6700000000001
2016-01-28,740.88
2016-01-29,754.6525
2016-02-01,769.485
2016-02-02,795.475
2016-02-03,763.845
2016-02-04,733.92005
2016-02-05,713.4300000000001
2016-02-08,693.265
2016-02-09,704.73
2016-02-10,714.3050000000001
2016-02-11,701.7525
2016-02-12,708.79
2016-02-16,716.52945
2016-02-17,725.185
2016-02-18,725.775
2016-02-19,718.575
2016-02-22,729.1475
2016-02-23,723.285
2016-02-24,711.62
2016-02-25,721.37
2016-02-26,729.0496
2016-02-29,723.72
2016-03-01,730.485
2016-03-02,738.1855
2016-03-03,735.315
2016-03-04,730.31
2016-03-07,716.175
2016-03-08,713.125
2016-03-09,719.45
2016-03-10,729.915
2016-03-11,740.8
2016-03-14,748.9612500000001
2016-03-15,747.925
2016-03-16,752.75
2016-03-17,761.35
2016-03-18,756.98
2016-03-21,757.3050000000001
2016-03-22,761.4375
2016-03-23,760.71
2016-03-24,754.0274999999999
2016-03-28,755.17
2016-03-29,757.7349999999999
2016-03-30,772.4449999999999
2016-03-31,763.6671
2016-04-01,762.62
2016-04-04,767.1125
2016-04-05,759.235
2016-04-06,762.3599999999999
2016-04-07,763.4300000000001
2016-04-08,761.45
2016-04-11,762.28
2016-04-12,758.2425000000001
2016-04-13,770.1704
2016-04-14,776.415
2016-04-15,777.9300499999999
2016-04-18,783.0799999999999
2016-04-19,780.61
2016-04-20,775.4649999999999
2016-04-21,776.6149499999999
2016-04-22,742.145
2016-04-25,739.99
2016-04-26,732.955
2016-04-27,718.115
2016-04-28,716.23
2016-04-29,707.9449999999999
2016-05-02,710.885
2016-05-03,710.35
2016-05-04,709.55
2016-05-05,713.50005
2016-05-06,718.97
2016-05-09,728.895
2016-05-10,735.8050000000001
2016-05-11,734.3512499999999
2016-05-12,729.8199999999999
2016-05-13,727.4
2016-05-16,726.3399999999999
2016-05-17,726.925
2016-05-18,720.2950000000001
2016-05-19,715.4024999999999
2016-05-20,721.355
2016-05-23,720.21995
2016-05-24,726.9225
2016-05-25,736.245
2016-05-26,737.05
2016-05-27,742.46
2016-05-31,749.5250000000001
2016-06-01,747.855
2016-06-02,742.15
2016-06-03,737.7
2016-06-06,733.395
2016-06-07,733.755
2016-06-08,739.7874999999999
2016-06-09,740.2149999999999
2016-06-10,735.075
2016-06-13,734.4100000000001
2016-06-14,731.25
2016-06-15,734.23
2016-06-16,722.9649999999999
2016-06-17,711.255
2016-06-20,710.64
2016-06-21,710.02
2016-06-22,710.0450000000001
2016-06-23,707.565
2016-06-24,694.9549999999999
2016-06-27,677.9925000000001
2016-06-28,688.79495
2016-06-29,696.0917
2016-06-30,699.33575
2016-07-01,708.13
2016-07-05,703.625
2016-07-06,706.0
2016-07-07,705.42
2016-07-08,713.005
2016-07-11,723.8969500000001
2016-07-12,731.55
2016-07-13,732.27
2016-07-14,733.365
2016-07-15,737.8199999999999
2016-07-18,745.82345
2016-07-19,752.5395000000001
2016-07-20,757.345
2016-07-21,754.835
2016-07-22,756.0525
2016-07-25,756.94745
2016-07-26,756.00515
2016-07-27,760.19
2016-07-28,764.03
2016-07-29,796.97
2016-08-01,796.265
2016-08-02,798.425
2016-08-03,796.28
2016-08-04,797.06
2016-08-05,802.515
2016-08-08,804.645
2016-08-09,808.6949999999999
2016-08-10,808.6845000000001
2016-08-11,809.9395
2016-08-12,805.415
2016-08-15,807.6949999999999
2016-08-16,800.63
2016-08-17,800.9649999999999
2016-08-18,804.815
2016-08-19,799.0550000000001
2016-08-22,796.815
2016-08-23,798.495
2016-08-24,794.61
2016-08-25,790.975
2016-08-26,794.40345
2016-08-29,794.4200000000001
2016-08-30,793.735
2016-08-31,789.385
2016-09-01,789.61
2016-09-02,795.1800000000001
2016-09-06,803.16
2016-09-07,807.1600000000001
2016-09-08,804.71505
2016-09-09,794.9
2016-09-12,791.835
2016-09-13,790.06
2016-09-14,791.9300000000001
2016-09-15,796.1524999999999
2016-09-16,796.3199999999999
2016-09-19,798.775
2016-09-20,800.505
2016-09-21,800.97
2016-09-22,813.385
2016-09-23,814.865
2016-09-26,805.2650000000001
2016-09-27,807.6600000000001
2016-09-28,806.51515
2016-09-29,807.3824999999999
2016-09-30,804.7950000000001
2016-10-03,799.885
2016-10-04,803.085
2016-10-05,804.605
2016-10-06,803.7275
2016-10-07,801.3800000000001
2016-10-10,809.81
2016-10-11,813.615
2016-10-12,811.52725
2016-10-13,802.5899999999999
2016-10-14,806.205
2016-10-17,808.6600000000001
2016-10-18,821.0699999999999
2016-10-19,826.5074999999999
2016-10-20,824.5074999999999
2016-10-21,821.3
2016-10-24,833.49
2016-10-25,831.90025
2016-10-26,822.03
2016-10-27,820.595
2016-10-28,828.0
2016-10-31,815.315
2016-11-01,806.11
2016-11-02,795.88
2016-11-03,784.315
2016-11-04,779.74215
2016-11-07,798.95
2016-11-08,807.8299999999999
2016-11-09,801.8725
2016-11-10,789.145
2016-11-11,771.415
2016-11-14,757.685
2016-11-15,772.7288000000001
2016-11-16,774.915
2016-11-17,784.375
2016-11-18,783.3199999999999
2016-11-21,781.425
2016-11-22,788.755
2016-11-23,781.085
2016-11-25,780.5450000000001
2016-11-28,788.9200000000001
2016-11-29,790.8900000000001
2016-11-30,782.3275
2016-12-01,765.98
2016-12-02,764.75
2016-12-05,773.4843000000001
2016-12-06,779.3
2016-12-07,782.765
2016-12-08,793.4525
2016-12-09,804.0
2016-12-12,807.94055
2016-12-13,818.12
2016-12-14,818.52
2016-12-15,817.5
2016-12-16,813.6600000000001
2016-12-19,810.36
2016-12-20,813.745
2016-12-21,810.4100000000001
2016-12-22,808.55
2016-12-23,808.0398
2016-12-27,810.9
2016-12-28,807.885
2016-12-29,801.947
2016-12-30,796.4525
2017-01-03,804.1624999999999
2017-01-04,808.77
2017-01-05,809.8299999999999
2017-01-06,820.23
2017-01-09,826.025
2017-01-10,826.275
2017-01-11,825.685
2017-01-12,825.6949999999999
2017-01-13,832.085
2017-01-17,826.6900499999999
2017-01-18,826.9449999999999
2017-01-19,828.47995
2017-01-20,826.9200000000001
2017-01-23,837.1214
2017-01-24,846.9
2017-01-25,854.2668
2017-01-26,855.76005
2017-01-27,854.45
2017-01-30,829.13
2017-01-31,818.235
2017-02-01,818.125
2017-02-02,818.3054999999999
2017-02-03,822.74
2017-02-06,818.3399999999999
2017-02-07,827.6062999999999
2017-02-08,829.6800000000001
2017-02-09,829.24
2017-02-10,833.8299999999999
2017-02-13,838.9905
2017-02-14,838.915
2017-02-15,838.99625
2017-02-16,839.975
2017-02-17,843.36
2017-02-21,849.375
2017-02-22,850.25005
2017-02-23,847.56
2017-02-24,845.66005
2017-02-27,846.8399999999999
2017-02-28,845.1360999999999
2017-03-01,853.51
2017-03-02,852.605
2017-03-03,847.7625
2017-03-06,845.0550000000001
2017-03-07,849.425
2017-03-08,854.0899999999999
2017-03-09,856.69
2017-03-10,860.9195
2017-03-13,863.975
2017-03-14,863.855
2017-03-15,865.5875
2017-03-16,870.115
2017-03-17,871.395
2017-03-20,867.5025
2017-03-21,860.5785000000001
2017-03-22,851.175
2017-03-23,837.345
2017-03-24,836.55
2017-03-27,832.8399999999999
2017-03-28,838.8325
2017-03-29,846.4825000000001
2017-03-30,849.385
2017-03-31,847.40225
2017-04-03,853.2649
2017-04-04,850.2525
2017-04-05,854.0550000000001
2017-04-06,848.7950000000001
2017-04-07,841.5899999999999
2017-04-10,843.7636
2017-04-11,839.615
2017-04-12,840.655
2017-04-13,840.79015
2017-04-17,848.335
2017-04-18,854.3199999999999
2017-04-19,856.86375
2017-04-20,860.7149999999999
2017-04-21,860.085
2017-04-24,873.0350000000001
2017-04-25,885.76505
2017-04-26,889.0699999999999
2017-04-27,890.2787
2017-04-28,929.56
2017-05-01,928.31
2017-05-02,936.9925000000001
2017-05-03,942.705
2017-05-04,953.255
2017-05-05,953.26905
2017-05-08,954.1925
2017-05-09,958.3
2017-05-10,953.2750000000001
2017-05-11,953.3
2017-05-12,955.02
2017-05-15,957.76
2017-05-16,963.12275
2017-05-17,950.525
2017-05-18,947.7249999999999
2017-05-19,955.78
2017-05-22,960.69
2017-05-23,969.505
2017-05-24,974.8724500000001
2017-05-25,986.8
2017-05-26,991.875
2017-05-30,994.49005
2017-05-31,990.64
2017-06-01,987.2149999999999
2017-06-02,991.7750000000001
2017-06-05,1001.425
2017-06-06,1001.7049999999999
2017-06-07,999.8599999999999
2017-06-08,1001.11
2017-06-09,979.435
2017-06-12,952.3975
2017-06-13,969.96
2017-06-14,969.6051500000001
2017-06-15,950.5237500000001
2017-06-16,954.325
2017-06-19,973.75
2017-06-20,974.495
2017-06-21,974.415
2017-06-22,976.9074
2017-06-23,980.54
2017-06-26,982.1600000000001
2017-06-27,957.155
2017-06-28,949.7
2017-06-29,940.63
2017-06-30,937.30475
2017-07-03,924.775
2017-07-05,927.46025
2017-07-06,927.995
2017-07-07,937.2249999999999
2017-07-10,947.54
2017-07-11,950.005
2017-07-12,963.335
2017-07-13,971.75
2017-07-14,973.845
2017-07-17,977.075
2017-07-18,981.4449999999999
2017-07-19,991.3050000000001
2017-07-20,991.65
2017-07-21,989.64
2017-07-24,998.2314
2017-07-25,970.265
2017-07-26,967.09
2017-07-27,953.29
2017-07-28,953.55
2017-07-31,951.45875
2017-08-01,949.725
2017-08-02,940.8105
2017-08-03,944.72
2017-08-04,943.6675
2017-08-07,946.23
2017-08-08,947.485
2017-08-09,938.8399999999999
2017-08-10,929.0383999999999
2017-08-11,927.29
2017-08-14,937.7625
2017-08-15,939.855
2017-08-16,944.96955
2017-08-17,935.7249999999999
2017-08-18,927.235
2017-08-21,923.425
2017-08-22,934.06585
2017-08-23,940.3325
2017-08-24,938.525
2017-08-25,935.415
2017-08-28,930.48
2017-08-29,928.75
2017-08-30,939.9549999999999
2017-08-31,951.7225000000001
2017-09-01,954.3050000000001
2017-09-05,943.4927
2017-09-06,938.5899999999999
2017-09-07,944.01325
2017-09-08,945.355
2017-09-11,946.8399999999999
2017-09-12,942.7925
2017-09-13,948.7950000000001
2017-09-14,943.193
2017-09-15,936.5
2017-09-18,931.13
2017-09-19,932.3
2017-09-20,943.75
2017-09-21,946.0899999999999
2017-09-22,945.4175
2017-09-25,932.13005
2017-09-26,939.6
2017-09-27,953.69
2017-09-28,960.865
2017-09-29,970.905
2017-10-02,969.845
2017-10-03,967.5725
2017-10-04,970.005
2017-10-05,978.38925
2017-10-06,986.385
2017-10-09,995.98
2017-10-10,989.29
2017-10-11,997.75
2017-10-12,1006.3199999999999
2017-10-13,1010.91
2017-10-16,1006.76
2017-10-17,1010.305
2017-10-18,1010.815
2017-10-19,1002.31
2017-10-20,1005.46
2017-10-23,994.4449999999999
2017-10-24,983.1700000000001
2017-10-25,986.076
2017-10-26,998.49
2017-10-27,1045.235
2017-10-30,1031.08
2017-10-31,1033.65
2017-11-01,1040.9299999999998
2017-11-02,1037.0900000000001
2017-11-03,1044.1550000000002
2017-11-06,1047.295
2017-11-07,1048.205
2017-11-08,1054.87
2017-11-09,1043.365
2017-11-10,1043.9250000000002
2017-11-13,1044.0
2017-11-14,1035.815
2017-11-15,1035.1950000000002
2017-11-16,1044.88
2017-11-17,1042.365
2017-11-20,1035.69
2017-11-21,1044.765
2017-11-22,1051.3400000000001
2017-11-24,1055.995
2017-11-27,1063.905
2017-11-28,1067.27
2017-11-29,1044.21
2017-11-30,1037.105
2017-12-01,1027.07
2017-12-04,1020.28
2017-12-05,1019.5
2017-12-06,1027.445
2017-12-07,1042.1399999999999
2017-12-08,1051.1399999999999
2017-12-11,1050.06
2017-12-12,1053.685
2017-12-13,1051.03
2017-12-14,1060.34
2017-12-15,1067.67
2017-12-18,1078.4299999999998
2017-12-19,1078.62
2017-12-20,1074.915
2017-12-21,1073.26
2017-12-22,1069.68
2017-12-26,1063.75
2017-12-27,1063.325
2017-12-28,1059.1100000000001
2017-12-29,1055.375
2018-01-02,1064.5
2018-01-03,1084.7649999999999
2018-01-04,1099.17
2018-01-05,1107.69
2018-01-08,1114.58
2018-01-09,1113.3200000000002
2018-01-10,1108.38
2018-01-11,1110.665
2018-01-12,1119.655
2018-01-16,1137.77
2018-01-17,1131.405
2018-01-18,1132.525
2018-01-19,1138.1399999999999
2018-01-22,1154.35
2018-01-23,1172.88
2018-01-24,1177.225
2018-01-25,1178.42
2018-01-26,1177.795
2018-01-29,1191.03
2018-01-30,1181.22
2018-01-31,1179.21
2018-02-01,1178.405
2018-02-02,1121.2350000000001
2018-02-05,1085.865
2018-02-06,1058.6950000000002
2018-02-07,1070.5749999999998
2018-02-08,1034.315
2018-02-09,1024.3600000000001
2018-02-12,1055.53
2018-02-13,1054.0700000000002
2018-02-14,1062.635
2018-02-15,1080.665
2018-02-16,1099.9299999999998
2018-02-20,1103.145
2018-02-21,1121.855
2018-02-22,1115.305
2018-02-23,1118.72
2018-02-26,1136.77
2018-02-27,1130.52
2018-02-28,1115.325
2018-03-01,1089.28
2018-03-02,1068.5
2018-03-05,1086.725
2018-03-06,1100.065
2018-03-07,1103.055
2018-03-08,1124.3200000000002
2018-03-09,1147.645
2018-03-12,1168.68
2018-03-13,1156.2849999999999
2018-03-14,1151.0549999999998
2018-03-15,1149.08
2018-03-16,1144.085
2018-03-19,1104.145
2018-03-20,1093.9850000000001
2018-03-21,1097.955
2018-03-22,1066.7800000000002
2018-03-23,1045.8249999999998
2018-03-26,1034.925
2018-03-27,1031.08
2018-03-28,1004.495
2018-03-29,1026.045
2018-04-02,1016.89
2018-04-03,1011.125
2018-04-04,1014.625
2018-04-05,1035.355
2018-04-06,1021.125
2018-04-09,1031.895
2018-04-10,1028.31
2018-04-11,1027.5349999999999
2018-04-12,1035.35
2018-04-13,1041.565
2018-04-16,1042.6750000000002
2018-04-17,1071.045
2018-04-18,1076.26
2018-04-19,1083.2649999999999
2018-04-20,1083.425
2018-04-23,1077.3400000000001
2018-04-24,1038.675
2018-04-25,1026.54
2018-04-26,1036.2350000000001
2018-04-27,1039.645
2018-04-30,1028.335
2018-05-01,1026.17
2018-05-02,1033.57
2018-05-03,1019.29
2018-05-04,1034.9650000000001
2018-05-07,1057.635
2018-05-08,1058.435
2018-05-09,1078.0549999999998
2018-05-10,1101.645
2018-05-11,1103.115
2018-05-14,1111.475
2018-05-15,1088.9499999999998
2018-05-16,1088.005
2018-05-17,1083.71
2018-05-18,1069.205
2018-05-21,1085.65
2018-05-22,1082.03
2018-05-23,1077.48
2018-05-24,1079.71
2018-05-25,1086.085
2018-05-29,1072.21
2018-05-30,1072.77
2018-05-31,1094.0
2018-06-01,1125.085
2018-06-04,1147.4299999999998
2018-06-05,1154.28
2018-06-06,1145.5149999999999
2018-06-07,1135.995
2018-06-08,1131.005
2018-06-11,1139.5700000000002
2018-06-12,1144.885
2018-06-13,1149.5100000000002
2018-06-14,1158.295
2018-06-15,1158.8000000000002
2018-06-18,1167.565
2018-06-19,1172.21
2018-06-20,1191.76
2018-06-21,1176.905
2018-06-22,1167.325
2018-06-25,1137.9450000000002
2018-06-26,1137.935
2018-06-27,1131.455
2018-06-28,1120.0349999999999
2018-06-29,1134.19
2018-07-02,1124.795
2018-07-03,1132.17
2018-07-05,1133.63
2018-07-06,1146.72
2018-07-09,1162.58
2018-07-10,1168.03
2018-07-11,1167.905
2018-07-12,1187.545
2018-07-13,1202.865
2018-07-16,1201.055
2018-07-17,1200.38
2018-07-18,1213.0749999999998
2018-07-19,1207.105
2018-07-20,1203.6799999999998
2018-07-23,1203.5549999999998
2018-07-24,1259.5700000000002
2018-07-25,1263.645
2018-07-26,1275.2
2018-07-27,1267.9650000000001
2018-07-30,1238.5300000000002
2018-07-31,1228.7
2018-08-01,1235.42
2018-08-02,1231.2350000000001
2018-08-03,1237.97
2018-08-06,1236.495
2018-08-07,1258.94
2018-08-08,1261.92
2018-08-09,1266.03
2018-08-10,1254.18
2018-08-13,1256.5
2018-08-14,1250.065
2018-08-15,1239.1100000000001
2018-08-16,1231.665
2018-08-17,1215.475
2018-08-20,1217.305
2018-08-21,1223.895
2018-08-22,1219.875
2018-08-23,1227.26
2018-08-24,1229.41
2018-08-27,1249.275
2018-08-28,1249.7649999999999
2018-08-29,1259.9850000000001
2018-08-30,1258.35
2018-08-31,1239.15
2018-09-04,1217.215
2018-09-05,1195.105
2018-09-06,1181.3
2018-09-07,1178.9099999999999
2018-09-10,1178.635
2018-09-11,1178.4450000000002
2018-09-12,1178.4250000000002
2018-09-13,1178.54
2018-09-14,1180.76
2018-09-17,1170.1399999999999
2018-09-18,1171.38
2018-09-19,1167.445
2018-09-20,1185.125
2018-09-21,1184.32
2018-09-24,1168.345
2018-09-25,1185.475
2018-09-26,1196.3200000000002
2018-09-27,1207.455
2018-09-28,1203.1399999999999
2018-10-01,1213.6950000000002
2018-10-02,1212.0900000000001
2018-10-03,1208.165
2018-10-04,1184.875
2018-10-05,1168.1599999999999
2018-10-08,1155.63
2018-10-09,1152.8600000000001
2018-10-10,1114.2649999999999
2018-10-11,1095.975
2018-10-12,1110.4299999999998
2018-10-15,1110.01
2018-10-16,1124.06
2018-10-17,1130.5
2018-10-18,1109.3449999999998
2018-10-19,1108.99
2018-10-22,1110.845
2018-10-23,1098.505
2018-10-24,1085.84
2018-10-25,1096.685
2018-10-26,1079.615
2018-10-29,1058.0149999999999
2018-10-30,1032.435
2018-10-31,1088.1
2018-11-01,1088.8600000000001
2018-11-02,1082.83
2018-11-05,1053.675
2018-11-06,1066.715
2018-11-07,1095.26
2018-11-08,1096.29
2018-11-09,1076.3049999999998
2018-11-12,1057.225
2018-11-13,1053.535
2018-11-14,1053.4499999999998
2018-11-15,1060.08
2018-11-16,1063.67
2018-11-19,1045.435
2018-11-20,1019.78
2018-11-21,1047.085
2018-11-23,1035.76
2018-11-26,1048.385
2018-11-27,1056.13
2018-11-28,1067.905
2018-11-29,1091.075
2018-11-30,1096.415
2018-12-03,1123.365
2018-12-04,1087.51
2018-12-06,1060.95
2018-12-07,1062.1999999999998
2018-12-10,1046.3
2018-12-11,1060.25
2018-12-12,1081.85
2018-12-13,1076.705
2018-12-14,1060.545
2018-12-17,1039.505
2018-12-18,1045.085
2018-12-19,1047.57
2018-12-20,1027.65
2018-12-21,1009.4300000000001
2018-12-24,994.89
2018-12-26,1020.55
2018-12-27,1030.17
2018-12-28,1053.115
2018-12-31,1048.0149999999999
2019-01-02,1043.0349999999999
2019-01-03,1044.315
2019-01-04,1058.4299999999998
2019-01-07,1072.67
2019-01-08,1080.85
2019-01-09,1083.005
2019-01-10,1072.245
2019-01-11,1064.9
2019-01-14,1053.5
2019-01-15,1071.355
2019-01-16,1095.185
2019-01-17,1091.98
2019-01-18,1108.6399999999999
2019-01-22,1084.93
2019-01-23,1080.26
2019-01-24,1079.01
2019-01-25,1097.58
2019-01-28,1083.9899999999998
2019-01-29,1075.375
2019-01-30,1088.08
2019-01-31,1116.46
2019-02-01,1124.325
2019-02-04,1129.925
2019-02-05,1138.185
2019-02-06,1136.1799999999998
2019-02-07,1102.79
2019-02-08,1099.67
2019-02-11,1106.7150000000001
2019-02-12,1121.935
2019-02-13,1134.425
2019-02-14,1126.6100000000001
2019-02-15,1128.01
2019-02-19,1123.14
2019-02-20,1121.3400000000001
2019-02-21,1108.565
2019-02-22,1108.875
2019-02-25,1119.755
2019-02-26,1116.5700000000002
2019-02-27,1117.145
2019-02-28,1126.2
2019-03-01,1140.5
2019-03-04,1151.885
2019-03-05,1164.755
2019-03-06,1168.895
2019-03-07,1152.645
2019-03-08,1141.825
2019-03-11,1165.74
2019-03-12,1194.005
2019-03-13,1202.5149999999999
2019-03-14,1197.9650000000001
2019-03-15,1194.365
2019-03-18,1188.2150000000001
2019-03-19,1196.435
2019-03-20,1214.79
2019-03-21,1226.51
2019-03-22,1219.815
2019-03-25,1199.72
2019-03-26,1194.705
2019-03-27,1178.075
2019-03-28,1170.3400000000001
2019-03-29,1175.1750000000002
2019-04-01,1193.28
2019-04-02,1198.525
2019-04-03,1212.84
2019-04-04,1214.795
2019-04-05,1215.21
2019-04-08,1209.325
2019-04-09,1202.765
2019-04-10,1204.8000000000002
2019-04-11,1208.6399999999999
2019-04-12,1218.17
2019-04-15,1221.9299999999998
2019-04-16,1230.51
2019-04-17,1239.0
2019-04-18,1242.6750000000002
2019-04-22,1243.855
2019-04-23,1263.2
2019-04-24,1266.905
2019-04-25,1265.4
2019-04-26,1271.955
2019-04-29,1284.3400000000001
2019-04-30,1191.99
2019-05-01,1185.4650000000001
2019-05-02,1168.855
2019-05-03,1182.475
2019-05-06,1183.295
2019-05-07,1179.885
2019-05-08,1175.95
2019-05-09,1164.355
2019-05-10,1161.3249999999998
2019-05-13,1138.7350000000001
2019-05-14,1134.1999999999998
2019-05-15,1149.85
2019-05-16,1181.305
2019-05-17,1176.355
2019-05-20,1145.5700000000002
2019-05-21,1150.655
2019-05-22,1157.3899999999999
2019-05-23,1141.605
2019-05-24,1145.5349999999999
2019-05-28,1147.58
2019-05-29,1123.475
2019-05-30,1121.35
2019-05-31,1108.375
2019-06-03,1047.0149999999999
2019-06-04,1047.2350000000001
2019-06-05,1044.905
2019-06-06,1042.755
2019-06-07,1062.29
2019-06-10,1085.06
2019-06-11,1091.79
2019-06-12,1076.06
2019-06-13,1089.58
2019-06-14,1088.12
2019-06-17,1094.6399999999999
2019-06-18,1109.7849999999999
2019-06-19,1102.73
2019-06-20,1114.8600000000001
2019-06-21,1118.145
2019-06-24,1118.44
2019-06-25,1100.15
2019-06-26,1084.405
2019-06-27,1082.155
2019-06-28,1078.3
2019-07-01,1101.96
2019-07-02,1106.2800000000002
2019-07-03,1121.42
2019-07-05,1126.075
2019-07-08,1119.4850000000001
2019-07-09,1117.505
2019-07-10,1136.5
2019-07-11,1146.385
2019-07-12,1143.03
2019-07-15,1145.3400000000001
2019-07-16,1152.655
2019-07-17,1152.53
2019-07-18,1140.5149999999999
2019-07-19,1141.415
2019-07-22,1132.615
2019-07-23,1140.855
2019-07-24,1136.9850000000001
2019-07-25,1133.65
2019-07-26,1248.1950000000002
2019-07-29,1239.595
2019-07-30,1231.115
2019-07-31,1221.545
2019-08-01,1221.65
2019-08-02,1199.75
2019-08-05,1159.815
2019-08-06,1171.4650000000001
2019-08-07,1165.355
2019-08-08,1190.1399999999999
2019-08-09,1194.6750000000002
2019-08-12,1177.165
2019-08-13,1189.21
2019-08-14,1171.9299999999998
2019-08-15,1169.71
2019-08-16,1178.42
2019-08-19,1199.895
2019-08-20,1190.525
2019-08-21,1194.24
2019-08-22,1188.845
2019-08-23,1172.835
2019-08-26,1163.355
2019-08-27,1174.78
2019-08-28,1169.375
2019-08-29,1192.2350000000001
2019-08-30,1193.0349999999999
2019-09-03,1176.395
2019-09-04,1178.205
2019-09-05,1203.345
2019-09-06,1208.105
2019-09-09,1206.8600000000001
2019-09-10,1203.005
2019-09-11,1212.375
2019-09-12,1232.49
2019-09-13,1234.065
2019-09-16,1232.105
2019-09-17,1229.175
2019-09-18,1226.355
2019-09-19,1238.3249999999998
2019-09-20,1233.19
2019-09-23,1231.73
2019-09-24,1228.875
2019-09-25,1228.6100000000001
2019-09-26,1238.245
2019-09-27,1230.095
2019-09-30,1220.415
2019-10-01,1219.205
2019-10-02,1185.6950000000002
2019-10-03,1177.0700000000002
2019-10-04,1201.7150000000001
2019-10-07,1211.635
2019-10-08,1198.175
2019-10-09,1203.29
2019-10-10,1206.7399999999998
2019-10-11,1221.1950000000002
2019-10-14,1218.88
2019-10-15,1234.025
2019-10-16,1246.3600000000001
2019-10-17,1256.81
2019-10-18,1249.125
2019-10-21,1246.75
2019-10-22,1244.29
2019-10-23,1249.125
2019-10-24,1257.625
2019-10-25,1258.575
2019-10-28,1285.775
2019-10-29,1268.205
2019-10-30,1259.335
2019-10-31,1258.0
2019-11-01,1266.355
2019-11-04,1284.3049999999998
2019-11-05,1293.31
2019-11-06,1287.63
2019-11-07,1308.2
2019-11-08,1309.315
2019-11-11,1300.385
2019-11-12,1301.795
2019-11-13,1297.335
2019-11-14,1304.83
2019-11-15,1322.7150000000001
2019-11-18,1325.04
2019-11-19,1319.2
2019-11-20,1301.21
2019-11-21,1300.935
2019-11-22,1298.13
2019-11-25,1303.01
2019-11-26,1309.025
2019-11-27,1313.555
2019-11-29,1306.5900000000001
2019-12-02,1292.91
2019-12-03,1287.1399999999999
2019-12-04,1313.6599999999999
2019-12-05,1321.15
2019-12-06,1336.85
2019-12-09,1346.81
2019-12-10,1341.0
2019-12-11,1345.495
2019-12-12,1346.3899999999999
2019-12-13,1346.505
2019-12-16,1357.07
2019-12-17,1357.55
2019-12-18,1354.9450000000002
2019-12-19,1353.1399999999999
2019-12-20,1357.365
2019-12-23,1354.925
2019-12-24,1348.0900000000001
2019-12-26,1354.355
2019-12-27,1360.025
2019-12-30,1347.42
2019-12-31,1336.395
2020-01-02,1357.585
2020-01-03,1360.5349999999999
2020-01-06,1374.6599999999999
2020-01-07,1397.53
2020-01-08,1402.24
2020-01-09,1419.4450000000002
2020-01-10,1427.27
2020-01-13,1433.425
2020-01-14,1435.2
2020-01-15,1436.22
2020-01-16,1445.35
2020-01-17,1468.55
2020-01-21,1480.045
2020-01-22,1491.62
2020-01-23,1486.9099999999999
2020-01-24,1478.69
2020-01-27,1428.04
2020-01-28,1442.58
2020-01-29,1454.765
2020-01-30,1445.125
2020-01-31,1448.365
2020-02-03,1471.455
2020-02-04,1444.685
2020-02-05,1447.13
2020-02-06,1466.02
2020-02-07,1475.33
2020-02-10,1492.04
2020-02-11,1517.665
2020-02-12,1514.4850000000001
2020-02-13,1514.975
2020-02-14,1512.8
2020-02-18,1520.7849999999999
2020-02-19,1525.8600000000001
2020-02-20,1515.665
2020-02-21,1494.72
2020-02-24,1421.585
2020-02-25,1408.635
2020-02-26,1395.1100000000001
2020-02-27,1341.8200000000002
2020-02-28,1305.33
2020-03-02,1356.335
2020-03-03,1368.7150000000001
2020-03-04,1359.8899999999999
2020-03-05,1327.6350000000002
2020-03-06,1279.98
2020-03-09,1225.385
2020-03-10,1245.1799999999998
2020-03-11,1224.035
2020-03-12,1148.6100000000001
2020-03-13,1163.345
2020-03-16,1106.275
2020-03-17,1087.55
2020-03-18,1070.995
2020-03-19,1104.08
2020-03-20,1100.29
2020-03-23,1037.89
2020-03-24,1109.88
2020-03-25,1114.5900000000001
2020-03-26,1131.755
2020-03-27,1127.525
2020-03-30,1124.745
2020-03-31,1155.06
2020-04-01,1111.455
2020-04-02,1107.95
2020-04-03,1096.935
2020-04-06,1157.875
2020-04-07,1199.0149999999999
2020-04-08,1199.4250000000002
2020-04-09,1207.205
2020-04-13,1198.425
2020-04-14,1252.145
2020-04-15,1254.5549999999998
2020-04-16,1255.78
2020-04-17,1278.0
2020-04-20,1266.63
2020-04-21,1227.5
2020-04-22,1258.54
2020-04-23,1274.3400000000001
2020-04-24,1260.855
2020-04-27,1279.58
2020-04-28,1257.5700000000002
2020-04-29,1343.44
2020-04-30,1335.75
2020-05-01,1330.545
2020-05-04,1310.24
2020-05-05,1353.02
2020-05-06,1356.91
2020-05-07,1364.27
2020-05-08,1384.325
2020-05-11,1395.5149999999999
2020-05-12,1394.42
2020-05-13,1356.67
2020-05-14,1340.335
2020-05-15,1356.79
2020-05-18,1373.48
2020-05-19,1383.125
2020-05-20,1399.725
2020-05-21,1405.4250000000002
2020-05-22,1406.475
2020-05-26,1432.255
2020-05-27,1409.975
2020-05-28,1421.77
2020-05-29,1426.355
2020-06-01,1431.9299999999998
2020-06-02,1432.3049999999998
2020-06-03,1440.315
2020-06-04,1423.665
2020-06-05,1426.96
2020-06-08,1436.74
2020-06-09,1455.08
2020-06-10,1463.565
2020-06-11,1425.005
2020-06-12,1410.155
2020-06-15,1406.1
2020-06-16,1443.08
2020-06-17,1448.665
2020-06-18,1439.605
2020-06-19,1431.75
2020-06-22,1435.0700000000002
2020-06-23,1460.1
2020-06-24,1452.895
2020-06-25,1430.9299999999998
2020-06-26,1396.01
2020-06-29,1374.825
2020-06-30,1405.4650000000001
2020-07-01,1431.33
2020-07-02,1469.795
2020-07-06,1493.49
2020-07-07,1505.51
2020-07-08,1501.7350000000001
2020-07-09,1512.365
2020-07-10,1521.03
2020-07-13,1541.46
2020-07-14,1504.365
2020-07-15,1517.08
2020-07-16,1502.0900000000001
2020-07-17,1510.7649999999999
2020-07-20,1535.855
2020-07-21,1569.835
2020-07-22,1555.105
2020-07-23,1539.4699999999998
2020-07-24,1501.50865
2020-07-27,1524.945
2020-07-28,1513.2649999999999
2020-07-29,1518.17
2020-07-30,1518.0300000000002
2020-07-31,1479.51
2020-08-03,1484.725
2020-08-04,1478.57
2020-08-05,1480.6075
2020-08-06,1489.085
2020-08-07,1503.1799999999998
2020-08-10,1492.32005
2020-08-11,1494.315
2020-08-12,1498.335
2020-08-13,1522.5922
2020-08-14,1509.3925
2020-08-17,1514.3899999999999
2020-08-18,1539.5175
2020-08-19,1554.4299999999998
2020-08-20,1557.315
2020-08-21,1577.095
2020-08-24,1591.9099999999999
2020-08-25,1593.38
2020-08-26,1626.8827
2020-08-27,1633.40185
2020-08-28,1633.4775
2020-08-31,1634.915
2020-09-01,1644.375
2020-09-02,1693.1461
2020-09-03,1653.855
2020-09-04,1586.4800500000001
2020-09-08,1536.025
2020-09-09,1541.9450000000002
2020-09-10,1546.83
2020-09-11,1515.8575
2020-09-14,1531.0549999999998
2020-09-15,1536.545
2020-09-16,1532.98
2020-09-17,1480.56
2020-09-18,1463.4099999999999
2020-09-21,1421.37
2020-09-22,1446.7325
2020-09-23,1427.88
2020-09-24,1420.0700000000002
2020-09-25,1426.81
2020-09-28,1459.635
2020-09-29,1463.0
2020-09-30,1470.9762500000002
2020-10-01,1485.935
2020-10-02,1463.19
2020-10-05,1472.395
2020-10-06,1464.7649999999999
2020-10-07,1451.1
2020-10-08,1476.73875
2020-10-09,1499.425
2020-10-12,1558.8600000000001
2020-10-13,1571.895
2020-10-14,1564.8725
2020-10-15,1556.26255
2020-10-16,1567.685
2020-10-19,1553.4225000000001
2020-10-20,1547.17
2020-10-21,1591.1375
2020-10-22,1595.45
2020-10-23,1623.0149999999999
2020-10-26,1598.6799999999998
2020-10-27,1589.495
2020-10-28,1531.145
2020-10-29,1552.6425
2020-10-30,1641.4425
2020-11-02,1636.24
2020-11-03,1635.554
2020-11-04,1736.5149999999999
2020-11-05,1766.424
2020-11-06,1752.5875
2020-11-09,1787.2175000000002
2020-11-10,1737.75
2020-11-11,1752.98
2020-11-12,1751.475
2020-11-13,1756.555
2020-11-16,1777.835
2020-11-17,1768.315
2020-11-18,1751.7829000000002
2020-11-19,1746.755
2020-11-20,1751.68125
2020-11-23,1728.085
2020-11-24,1743.6025
2020-11-25,1759.37
2020-11-27,1780.775
2020-11-30,1764.0875
2020-12-01,1792.37495
2020-12-02,1808.9547499999999
2020-12-03,1830.415
2020-12-04,1821.5447
2020-12-07,1816.165
2020-12-08,1803.625
2020-12-09,1795.18505
2020-12-10,1754.2585
2020-12-11,1765.025
2020-12-14,1769.4650000000001
2020-12-15,1752.835
2020-12-16,1759.085
2020-12-17,1748.93
2020-12-18,1731.6799999999998
2020-12-21,1715.5
2020-12-22,1719.19615
2020-12-23,1732.655
2020-12-24,1733.38
2020-12-28,1764.4099999999999
2020-12-29,1771.79
2020-12-30,1747.88
2020-12-31,1746.795
2021-01-04,1734.81495
2021-01-05,1731.865
2021-01-06,1720.0331999999999
2021-01-07,1752.29
2021-01-08,1780.2875
2021-01-11,1768.2600000000002
2021-01-12,1742.1375
2021-01-13,1741.855
2021-01-14,1746.8099499999998
2021-01-15,1729.665
2021-01-19,1768.335
2021-01-20,1859.6167
2021-01-21,1905.745
2021-01-22,1890.4425
2021-01-25,1890.49
2021-01-26,1895.94
2021-01-27,1838.875
2021-01-28,1859.495
2021-01-29,1824.54755
2021-02-01,1880.0625
2021-02-02,1927.87
2021-02-03,2060.0867
2021-02-04,2052.2
2021-02-05,2072.9700000000003
2021-02-08,2089.175
2021-02-09,2084.255
2021-02-10,2075.56
2021-02-11,2081.4300000000003
2021-02-12,2086.535
2021-02-16,2118.4449999999997
2021-02-17,2105.3967000000002
2021-02-18,2107.66
2021-02-19,2101.005
2021-02-22,2064.165
2021-02-23,2031.365
2021-02-24,2057.925
2021-02-25,2044.745
2021-02-26,2028.7649999999999
2021-03-01,2055.325
2021-03-02,2075.705
2021-03-03,2034.995
2021-03-04,2040.0100000000002
2021-03-05,2066.98865
2021-03-08,2059.465
2021-03-09,2049.75765
2021-03-10,2040.365
2021-03-11,2083.8599999999997
2021-03-12,2055.0150000000003
2021-03-15,2041.3899999999999
2021-03-16,2086.4849999999997
2021-03-17,2071.5609
2021-03-18,2043.9630000000002
2021-03-19,2019.9850000000001
2021-03-22,2031.17
2021-03-23,2046.05505
2021-03-24,2048.30005
2021-03-25,2020.865
2021-03-26,2021.6174999999998
2021-03-29,2027.33
2021-03-30,2049.41
2021-03-31,2066.63
2021-04-01,2113.59
2021-04-05,2187.0975
2021-04-06,2214.895
2021-04-07,2228.8
2021-04-08,2257.39995
2021-04-09,2255.6125
2021-04-12,2242.3525
2021-04-13,2253.26
2021-04-14,2251.7225
2021-04-15,2273.585
2021-04-16,2282.58
2021-04-19,2287.135
2021-04-20,2278.05995
2021-04-21,2262.41
2021-04-22,2264.6007
2021-04-23,2283.68375
2021-04-26,2310.9225
2021-04-27,2302.305
2021-04-28,2392.3
2021-04-29,2389.005
2021-04-30,2364.205
2021-05-03,2358.525
2021-05-04,2290.83495
2021-05-05,2321.6400000000003
2021-05-06,2315.1958999999997
2021-05-07,2358.7025000000003
2021-05-10,2307.77
2021-05-11,2257.1000000000004
2021-05-12,2220.8
2021-05-13,2223.0787499999997
2021-05-14,2267.3599999999997
2021-05-17,2272.64505
2021-05-18,2284.9359
2021-05-19,2250.215
2021-05-20,2297.76
2021-05-21,2304.0950000000003
2021-05-24,2338.7525
2021-05-25,2369.5
2021-05-26,2377.7262499999997
2021-05-27,2372.655
2021-05-28,2364.46
2021-06-01,2369.995
2021-06-02,2372.9975
2021-06-03,2343.2675
2021-06-04,2380.7200000000003
2021-06-07,2392.75495
2021-06-08,2407.1501
2021-06-09,2404.8900000000003
2021-06-10,2419.8900000000003
2021-06-11,2430.34
2021-06-14,2433.46
2021-06-15,2438.315
2021-06-16,2413.56
2021-06-17,2430.225
2021-06-18,2416.1800000000003
2021-06-21,2418.9849999999997
2021-06-22,2434.6400000000003
2021-06-23,2449.3
2021-06-24,2453.55535
2021-06-25,2441.9825
2021-06-28,2441.90255
2021-06-29,2447.115
2021-06-30,2436.115
2021-07-01,2441.185
2021-07-02,2484.635
2021-07-06,2510.10505
2021-07-07,2534.37
2021-07-08,2496.175
2021-07-09,2502.8575
2021-07-12,2526.8019000000004
2021-07-13,2547.3199999999997
2021-07-14,2572.4079
2021-07-15,2552.3
2021-07-16,2539.65
2021-07-19,2497.1
2021-07-20,2513.9368000000004
2021-07-21,2536.1949999999997
2021-07-22,2559.8184499999998
2021-07-23,2631.9949500000002
2021-07-26,2665.385
2021-07-27,2645.0299999999997
2021-07-28,2735.745
2021-07-29,2722.04015
2021-07-30,2695.5950000000003
2021-08-02,2691.3064
2021-08-03,2690.515
2021-08-04,2701.365
2021-08-05,2711.96
2021-08-06,2716.825
2021-08-09,2725.2325
2021-08-10,2741.36805
2021-08-11,2739.5375
2021-08-12,2727.255
2021-08-13,2748.895
2021-08-16,2736.6125
2021-08-17,2743.475
2021-08-18,2724.2574999999997
2021-08-19,2706.025
2021-08-20,2728.04
2021-08-23,2784.8199999999997
2021-08-24,2824.185
2021-08-25,2835.65485
2021-08-26,2837.745
2021-08-27,2860.0950000000003
2021-08-30,2901.335
2021-08-31,2894.5225
2021-09-01,2911.3725
2021-09-02,2887.04
2021-09-03,2865.5550000000003
2021-09-07,2881.84
2021-09-08,2874.0
2021-09-09,2874.88
2021-09-10,2854.5625
2021-09-13,2842.0
2021-09-14,2851.13
2021-09-15,2857.98
2021-09-16,2867.0150000000003
2021-09-17,2839.1975
2021-09-20,2753.2174999999997
2021-09-21,2782.895
2021-09-22,2794.385
2021-09-23,2820.98
2021-09-24,2825.7125
2021-09-27,2820.05995
2021-09-28,2744.5649999999996
2021-09-29,2710.16
2021-09-30,2690.9849999999997
2021-10-01,2709.835
2021-10-04,2670.105
2021-10-05,2712.6549999999997
2021-10-06,2723.0
2021-10-07,2786.932
2021-10-08,2795.48535
2021-10-11,2795.71
2021-10-12,2752.67
2021-10-13,2745.18815
2021-10-14,2801.6225
2021-10-15,2824.73
2021-10-18,2838.6545
2021-10-19,2862.625
2021-10-20,2849.2259000000004
2021-10-21,2826.56
2021-10-22,2766.3875
2021-10-25,2734.24
2021-10-26,2783.8744
2021-10-27,2880.55
2021-10-28,2917.8475
2021-10-29,2928.915
2021-11-01,2912.715
2021-11-02,2909.4449999999997
2021-11-03,2912.6000000000004
2021-11-04,2960.415
2021-11-05,2985.245
2021-11-08,2990.4525000000003
2021-11-09,2970.7925
2021-11-10,2926.075
2021-11-11,2931.36
2021-11-12,2942.6100500000002
2021-11-15,2971.245
2021-11-16,2960.75
2021-11-17,2957.995
2021-11-18,2984.65
2021-11-19,2998.6549999999997
2021-11-22,2959.77
2021-11-23,2907.75
2021-11-24,2906.2225
2021-11-26,2864.0
2021-11-29,2901.91
2021-11-30,2876.0150000000003
2021-12-01,2868.6225
2021-12-02,2840.79
2021-12-03,2847.01
2021-12-06,2840.025
2021-12-07,2927.5867
2021-12-08,2947.99
2021-12-09,2962.15005
2021-12-10,2956.8125
2021-12-13,2934.875
2021-12-14,2856.9475
2021-12-15,2883.9889000000003
2021-12-16,2912.8374999999996
2021-12-17,2851.3450000000003
2021-12-20,2810.955
2021-12-21,2843.715
2021-12-22,2895.675
2021-12-23,2946.955
2021-12-27,2955.13245
2021-12-28,2943.53285
2021-12-29,2930.645
2021-12-30,2932.9449999999997
2021-12-31,2915.505
2022-01-03,2895.6375
2022-01-04,2902.0114
2022-01-05,2821.87375
2022-01-06,2764.985
2022-01-07,2742.1499999999996
2022-01-10,2719.84
2022-01-11,2769.0825
2022-01-12,2833.0225
2022-01-13,2812.59
2022-01-14,2777.4049999999997
2022-01-18,2725.6975
2022-01-19,2729.75
2022-01-20,2705.9065499999997
2022-01-21,2649.5203
2022-01-24,2557.0299999999997
2022-01-25,2558.995
2022-01-26,2601.42
2022-01-27,2615.8454
2022-01-28,2618.415
2022-01-31,2676.825
2022-02-01,2721.6125
2022-02-02,2970.6908000000003
2022-02-03,2923.40315
2022-02-04,2853.9
2022-02-07,2831.5
2022-02-08,2770.1385
2022-02-09,2827.1128
2022-02-10,2794.415
2022-02-11,2725.5625
2022-02-14,2695.565
2022-02-15,2739.3
2022-02-16,2730.0975
2022-02-17,2695.91995
2022-02-18,2642.66495
2022-02-22,2604.035
2022-02-23,2595.785
2022-02-24,2579.5325000000003
2022-02-25,2670.23
2022-02-28,2683.4375
2022-03-01,2694.74
2022-03-02,2683.3404
2022-03-03,2694.64995
2022-03-04,2641.8900000000003
2022-03-07,2580.3
2022-03-08,2569.24685
2022-03-09,2636.36
2022-03-10,2641.8424999999997
2022-03-11,2634.27
2022-03-14,2556.84
2022-03-15,2555.75
2022-03-16,2620.675
2022-03-17,2662.654
2022-03-18,2685.0225
2022-03-21,2711.4224999999997
2022-03-22,2771.5150000000003
2022-03-23,2774.2349999999997
2022-03-24,2793.6925
2022-03-25,2817.725
2022-03-28,2818.1375
2022-03-29,2858.3175
2022-03-30,2843.2031500000003
2022-03-31,2811.3225
2022-04-01,2787.7825000000003
2022-04-04,2840.225
2022-04-05,2833.73
2022-04-06,2748.775
2022-04-07,2713.91895
2022-04-08,2686.355
2022-04-11,2607.6099999999997
2022-04-12,2583.88985
2022-04-13,2580.7524999999996
2022-04-14,2570.8050000000003
2022-04-18,2543.9449999999997
2022-04-19,2573.325
2022-04-20,2588.99
2022-04-21,2546.25
2022-04-22,2443.27
2022-04-25,2417.885
2022-04-26,2410.21
2022-04-27,2299.7850500000004
2022-04-28,2337.645
2022-04-29,2317.3424999999997
2022-05-02,2293.455
2022-05-03,2344.7631499999998
2022-05-04,2379.705
2022-05-05,2360.4475
2022-05-06,2315.87
2022-05-09,2270.77595
2022-05-10,2291.505
2022-05-11,2296.0091
2022-05-12,2241.1949999999997
2022-05-13,2314.80005
2022-05-16,2300.5950000000003
2022-05-17,2317.6975
2022-05-18,2269.5550000000003
2022-05-19,2230.1
2022-05-20,2179.7986
2022-05-23,2208.885
2022-05-24,2083.4293
2022-05-25,2103.565
2022-05-26,2138.74355
2022-05-27,2214.5625
2022-05-31,2278.135
2022-06-01,2303.51555
2022-06-02,2308.46
2022-06-03,2298.40125
2022-06-06,2355.11
2022-06-07,2327.4300000000003
2022-06-08,2351.705
2022-06-09,2330.74995
2022-06-10,2236.4512
2022-06-13,2149.1068
2022-06-14,2137.245
2022-06-15,2190.93
2022-06-16,2137.86505
2022-06-17,2137.4549500000003
2022-06-21,2210.8925
2022-06-22,2237.2887499999997
2022-06-23,2232.4300000000003
2022-06-24,2310.315
2022-06-27,2337.59185
2022-06-28,2291.575
2022-06-29,2240.32755
2022-06-30,2176.38
2022-07-01,2159.8050000000003
2022-07-05,2191.0825
2022-07-06,2270.6549999999997
2022-07-07,2340.23
2022-07-08,2365.8625
2022-07-11,2333.285
2022-07-12,2306.6422000000002
2022-07-13,2253.9750000000004
2022-07-14,2194.66
2022-07-15,2240.4049999999997
2022-07-18,111.025
2022-07-19,111.78999999999999
2022-07-20,113.94
2022-07-21,112.83160000000001
2022-07-22,109.42
2022-07-25,108.08500000000001
2022-07-26,105.63499999999999
2022-07-27,110.96000000000001
2022-07-28,112.9
2022-07-29,114.8825
2022-08-01,115.53
2022-08-02,115.035
2022-08-03,117.05000000000001
2022-08-04,117.83500000000001
2022-08-05,117.05279999999999
2022-08-08,118.515
2022-08-09,116.51499999999999
2022-08-10,119.66499999999999
2022-08-11,120.025
2022-08-12,120.57
2022-08-15,121.455
2022-08-16,121.535
2022-08-17,120.33500000000001
2022-08-18,119.77
2022-08-19,117.95500000000001
2022-08-22,114.74
2022-08-23,114.22
2022-08-24,113.82505
2022-08-25,115.41499999999999
2022-08-26,112.655
2022-08-29,109.875
2022-08-30,109.15
2022-08-31,109.49
2022-09-01,108.9025
2022-09-02,109.0
2022-09-06,106.905
2022-09-07,108.44
2022-09-08,108.38
2022-09-09,110.005
2022-09-12,110.775
2022-09-13,106.195
2022-09-14,104.4675
2022-09-15,103.81
2022-09-16,102.035
2022-09-19,102.44
2022-09-20,101.445
2022-09-21,101.07499999999999
2022-09-22,100.015
2022-09-23,98.565
2022-09-26,98.84
2022-09-27,98.436
2022-09-28,98.905
2022-09-29,97.3
2022-09-30,97.23
2022-10-03,97.9041
2022-10-04,101.11
2022-10-05,100.36500000000001
2022-10-06,101.7577
2022-10-07,99.4125
2022-10-10,98.05250000000001
2022-10-11,97.7775
2022-10-12,97.7425
2022-10-13,97.0793
2022-10-14,98.53
2022-10-17,99.88
2022-10-18,101.72
2022-10-19,99.9692
2022-10-20,100.85499999999999
2022-10-21,99.515
2022-10-24,101.36500000000001
2022-10-25,103.77
2022-10-26,96.5
2022-10-27,93.61500000000001
2022-10-28,94.34
2022-10-31,95.005
2022-11-01,93.2
2022-11-02,89.03
2022-11-03,84.93
2022-11-04,85.175
2022-11-07,87.875
2022-11-08,88.95505
2022-11-09,88.3575
2022-11-10,93.0
2022-11-11,95.42500000000001
2022-11-14,95.65
2022-11-15,98.425
2022-11-16,98.63875
2022-11-17,98.035
2022-11-18,97.635
2022-11-21,96.8775
2022-11-22,95.63499999999999
2022-11-23,97.92500000000001
2022-11-25,98.02000000000001
2022-11-28,96.595
2022-11-29,95.11500000000001
2022-11-30,97.73
2022-12-01,101.25
2022-12-02,99.83500000000001
2022-12-05,100.19
2022-12-06,98.1
2022-12-07,95.79805
2022-12-08,94.515
2022-12-09,93.505
2022-12-12,92.58500000000001
2022-12-13,97.28
2022-12-14,95.235
2022-12-15,91.825
2022-12-16,90.425
2022-12-19,89.38499999999999
2022-12-20,88.30754999999999
2022-12-21,89.27
2022-12-22,87.43
2022-12-23,88.3075
